County Name,State,Latitude (generated),Longitude (generated)
WESTON,WY,43.8403,-104.5684
WASHAKIE,WY,43.8356,-107.6602
UINTA,WY,41.3156,-110.5477
TETON,WY,43.9385,-110.5501
SWEETWATER,WY,41.6405,-108.9887
SHERIDAN,WY,44.7798,-106.9037
PLATTE,WY,42.1314,-104.9676
PARK,WY,44.4063,-109.4153
NIOBRARA,WY,43.0474,-104.4755
NATRONA,WY,42.9727,-106.7878
LINCOLN,WY,42.4553,-110.8185
LARAMIE,WY,41.3266,-104.6666
JOHNSON,WY,44.0303,-106.5693
HOT SPRINGS,WY,43.7705,-108.602
GOSHEN,WY,42.0853,-104.3534
FREMONT,WY,43.1414,-108.5719
CROOK,WY,44.5882,-104.5708
CONVERSE,WY,42.8966,-105.4856
CARBON,WY,41.7236,-106.7915
CAMPBELL,WY,44.2546,-105.5503
BIG HORN,WY,44.5851,-107.9869
ALBANY,WY,41.723,-105.6758
WOOD,WV,39.2188,-81.5037
WETZEL,WV,39.5757,-80.6598
WEBSTER,WV,38.4686,-80.4353
UPSHUR,WV,38.8996,-80.2329
TYLER,WV,39.4508,-80.8217
TAYLOR,WV,39.352,-80.0487
SUMMERS,WV,37.6488,-80.8773
ROANE,WV,38.7316,-81.3516
RANDOLPH,WV,38.7548,-79.8266
RALEIGH,WV,37.7493,-81.1743
PRESTON,WV,39.4556,-79.6899
POCAHONTAS,WV,38.3891,-79.9839
OHIO,WV,40.1011,-80.6141
NICHOLAS,WV,38.3154,-80.8243
MORGAN,WV,39.5438,-78.2986
MONONGALIA,WV,39.5788,-79.9721
MINERAL,WV,39.4433,-78.8643
MERCER,WV,37.4167,-81.0766
MC DOWELL,WV,37.3753,-81.6356
MASON,WV,38.7534,-82.0024
MARSHALL,WV,39.8776,-80.6555
MARION,WV,39.5144,-80.2637
LOGAN,WV,37.8334,-81.9426
LEWIS,WV,38.9458,-80.4933
KANAWHA,WV,38.2982,-81.5239
JEFFERSON,WV,39.3165,-77.8596
JACKSON,WV,38.8259,-81.6961
HARRISON,WV,39.2852,-80.3964
HANCOCK,WV,40.5165,-80.5704
HAMPSHIRE,WV,39.3147,-78.6304
GREENBRIER,WV,37.976,-80.4033
GRANT,WV,39.0712,-79.1885
FAYETTE,WV,38.0418,-81.0963
CALHOUN,WV,38.8292,-81.1142
CABELL,WV,38.413,-82.2762
BRAXTON,WV,38.7116,-80.7316
BOONE,WV,37.9975,-81.7141
BERKELEY,WV,39.4436,-78.0264
BARBOUR,WV,39.1254,-80.0274
WOOD,WI,44.4689,-90.0212
WINNEBAGO,WI,44.0677,-88.6452
WAUSHARA,WI,44.1173,-89.2418
WAUPACA,WI,44.4525,-88.9801
WAUKESHA,WI,43.0181,-88.3044
WASHINGTON,WI,43.3686,-88.2293
WASHBURN,WI,45.9017,-91.7871
WALWORTH,WI,42.6678,-88.5413
VILAS,WI,46.0789,-89.4371
VERNON,WI,43.5769,-90.7714
TREMPEALEAU,WI,44.2856,-91.3478
TAYLOR,WI,45.2065,-90.4856
ST. CROIX,WI,45.0351,-92.4543
SHEBOYGAN,WI,43.715,-87.9328
SHAWANO,WI,44.8071,-88.7375
SAWYER,WI,45.902,-91.1097
SAUK,WI,43.3945,-89.8965
RUSK,WI,45.4691,-91.1092
ROCK,WI,42.6692,-89.072
RICHLAND,WI,43.3664,-90.4289
RACINE,WI,42.7271,-88.0428
PRICE,WI,45.6691,-90.3605
PORTAGE,WI,44.4745,-89.475
POLK,WI,45.4696,-92.4193
PIERCE,WI,44.7034,-92.4259
PEPIN,WI,44.5458,-92.0873
OZAUKEE,WI,43.3679,-87.9585
OUTAGAMIE,WI,44.419,-88.4637
ONEIDA,WI,45.6879,-89.5447
OCONTO,WI,45.0268,-88.3037
MONROE,WI,43.9434,-90.6118
MILWAUKEE,WI,43.0178,-87.9818
MARINETTE,WI,45.382,-88.1503
MARATHON,WI,44.8951,-89.7693
MANITOWOC,WI,44.1103,-87.8415
LINCOLN,WI,45.3385,-89.7354
LANGLADE,WI,45.2517,-89.0523
LAFAYETTE,WI,42.6602,-90.1317
LA CROSSE,WI,43.9075,-91.1276
KENOSHA,WI,42.5814,-88.0586
JUNEAU,WI,43.9467,-90.1322
JEFFERSON,WI,43.0217,-88.7768
JACKSON,WI,44.3311,-90.7417
IOWA,WI,43.0094,-90.1334
GREEN LAKE,WI,43.8078,-89.0268
GREEN,WI,42.6775,-89.6024
GRANT,WI,42.8621,-90.7628
FOND DU LAC,WI,43.7377,-88.5229
EAU CLAIRE,WI,44.7306,-91.286
DUNN,WI,44.9461,-91.8932
DOUGLAS,WI,46.4537,-91.9223
DOOR,WI,44.9881,-87.267
DODGE,WI,43.413,-88.7032
DANE,WI,43.073,-89.4247
CRAWFORD,WI,43.2104,-90.8849
COLUMBIA,WI,43.4614,-89.3035
CLARK,WI,44.7321,-90.6192
CHIPPEWA,WI,45.0767,-91.2876
CALUMET,WI,44.0612,-88.2235
BURNETT,WI,45.8994,-92.363
BROWN,WI,44.4646,-87.9779
BARRON,WI,45.4265,-91.8486
ASHLAND,WI,46.3491,-90.7366
ADAMS,WI,43.9464,-89.7748
YAKIMA,WA,46.5669,-120.6488
WHITMAN,WA,46.8409,-117.522
WHATCOM,WA,48.8219,-121.7266
WALLA WALLA,WA,46.3041,-118.5042
THURSTON,WA,46.9724,-122.8948
STEVENS,WA,48.3997,-117.8489
SPOKANE,WA,47.6423,-117.4305
SNOHOMISH,WA,48.0379,-121.682
SKAGIT,WA,48.4771,-121.7638
SAN JUAN,WA,48.6522,-122.8183
PIERCE,WA,47.0256,-122.0375
PEND OREILLE,WA,48.5392,-117.2681
PACIFIC,WA,46.5179,-123.6271
OKANOGAN,WA,48.4732,-119.7409
MASON,WA,47.3456,-123.3253
LINCOLN,WA,47.6123,-118.3998
LEWIS,WA,46.5892,-122.3843
KLICKITAT,WA,45.8257,-120.7766
KITTITAS,WA,47.1679,-120.6629
KITSAP,WA,47.6727,-122.6826
KING,WA,47.4335,-121.8726
JEFFERSON,WA,47.8319,-123.6728
ISLAND,WA,48.1587,-122.5982
GRAYS HARBOR,WA,47.1649,-123.8418
GRANT,WA,47.284,-119.492
GARFIELD,WA,46.3542,-117.5476
FRANKLIN,WA,46.4669,-118.9422
FERRY,WA,48.4175,-118.5235
COWLITZ,WA,46.1148,-122.6116
COLUMBIA,WA,46.3041,-117.9269
CLARK,WA,45.8042,-122.52
CLALLAM,WA,48.13,-124.0838
CHELAN,WA,47.9098,-120.5391
BENTON,WA,46.2826,-119.5709
ASOTIN,WA,46.2299,-117.1874
ADAMS,WA,46.9968,-118.4708
WINDSOR,VT,43.5932,-72.5478
WINDHAM,VT,42.9961,-72.7339
WASHINGTON,VT,44.2623,-72.6134
RUTLAND,VT,43.576,-73.0283
ORLEANS,VT,44.7761,-72.2585
ORANGE,VT,43.9959,-72.4402
LAMOILLE,VT,44.6012,-72.6366
FRANKLIN,VT,44.8257,-72.8735
CHITTENDEN,VT,44.4425,-73.0527
CALEDONIA,VT,44.4632,-72.1084
BENNINGTON,VT,43.0268,-73.1364
ADDISON,VT,44.0288,-73.078
SAINT THOMAS ISLAND,VI,,
SAINT CROIX ISLAND,VI,,
WYTHE,VA,36.9145,-81.0571
WISE,VA,37.0011,-82.6307
WINCHESTER CITY,VA,39.1673,-78.1735
WASHINGTON,VA,36.7615,-81.9556
WARREN,VA,38.8968,-78.1977
VIRGINIA BEACH CITY,VA,36.7411,-76.0335
TAZEWELL,VA,37.1358,-81.6058
SUFFOLK CITY,VA,36.7317,-76.6221
STAFFORD,VA,38.4174,-77.4766
SPOTSYLVANIA,VA,38.1861,-77.6566
SMYTH,VA,36.823,-81.5102
SHENANDOAH,VA,38.8538,-78.5869
SALEM CITY,VA,37.2883,-80.0705
RUSSELL,VA,36.9262,-82.0747
ROANOKE CITY,VA,37.2732,-79.9598
RICHMOND CITY,VA,37.5241,-77.4608
PULASKI,VA,37.0622,-80.7281
PRINCE WILLIAM,VA,38.7221,-77.4444
PRINCE EDWARD,VA,37.2386,-78.4589
PORTSMOUTH CITY,VA,36.8219,-76.3446
PETERSBURG CITY,VA,37.2052,-77.3908
PAGE,VA,38.6265,-78.4806
NORFOLK CITY,VA,36.8988,-76.2389
NEWPORT NEWS CITY,VA,37.0899,-76.4907
NEW KENT,VA,37.5016,-76.9992
MONTGOMERY,VA,37.1748,-80.3743
MECKLENBURG,VA,36.7165,-78.3332
MANASSAS CITY,VA,38.7449,-77.4824
LYNCHBURG CITY,VA,37.4008,-79.1841
LOUDOUN,VA,39.0858,-77.6642
LEXINGTON CITY,VA,37.7802,-79.4439
LEE,VA,36.7435,-82.9795
LANCASTER,VA,37.7254,-76.4625
JAMES CITY,VA,37.3128,-76.8041
HOPEWELL CITY,VA,37.2877,-77.2944
HENRICO,VA,37.5317,-77.3031
HARRISONBURG CITY,VA,38.4398,-78.8702
HANOVER,VA,37.7717,-77.5521
HAMPTON CITY,VA,37.0509,-76.407
HALIFAX,VA,36.803,-78.9171
GLOUCESTER,VA,37.4244,-76.5714
GILES,VA,37.3145,-80.668
GALAX CITY,VA,36.6593,-80.9279
FREDERICKSBURG CITY,VA,38.2983,-77.4857
FRANKLIN CITY,VA,36.6775,-76.9326
FRANKLIN,VA,37.0076,-79.8606
FAUQUIER,VA,38.7121,-77.8162
FAIRFAX,VA,38.8316,-77.3234
ESSEX,VA,37.9457,-76.9732
EMPORIA CITY,VA,36.6973,-77.535
DICKENSON,VA,37.1314,-82.361
DANVILLE CITY,VA,36.5928,-79.4163
CULPEPER,VA,38.5056,-78.0018
CHESTERFIELD,VA,37.3899,-77.6298
CHESAPEAKE CITY,VA,36.7083,-76.2763
CHARLOTTESVILLE CITY,VA,38.04,-78.4779
BUCHANAN,VA,37.2884,-82.0618
BEDFORD,VA,37.3125,-79.5652
BATH,VA,38.0555,-79.7352
AUGUSTA,VA,38.1803,-79.3064
ARLINGTON,VA,38.8811,-77.1079
ALLEGHANY,VA,37.7788,-80.1069
ALEXANDRIA CITY,VA,38.8152,-77.0903
ALBEMARLE,VA,38.0006,-78.5618
ACCOMACK,VA,37.7449,-75.6727
WEBER,UT,41.2554,-111.8947
WASHINGTON,UT,37.3071,-113.4764
WASATCH,UT,40.2966,-111.135
UTAH,UT,40.1782,-111.691
UINTAH,UT,40.1698,-109.5135
TOOELE,UT,40.4924,-113.1134
SUMMIT,UT,40.9014,-110.7554
SEVIER,UT,38.7797,-111.7638
SANPETE,UT,39.4342,-111.5243
SAN JUAN,UT,37.7516,-109.7449
SALT LAKE,UT,40.6684,-111.9031
MILLARD,UT,39.0955,-113.0316
KANE,UT,37.2729,-111.8853
JUAB,UT,39.6657,-112.8826
IRON,UT,37.8165,-113.3138
GRAND,UT,39.0017,-109.5967
GARFIELD,UT,37.8459,-111.4965
DUCHESNE,UT,40.3319,-110.4366
DAVIS,UT,40.9641,-112.0929
CARBON,UT,39.641,-110.6021
CACHE,UT,41.6848,-111.7322
BOX ELDER,UT,41.5026,-112.9735
BEAVER,UT,38.362,-113.2065
YOUNG,TX,33.1668,-98.6883
YOAKUM,TX,33.1614,-102.828
WOOD,TX,32.7755,-95.3972
WISE,TX,33.2115,-97.6555
WINKLER,TX,31.8614,-103.0627
WILSON,TX,29.1652,-98.0851
WILLIAMSON,TX,30.6541,-97.6352
WILBARGER,TX,34.1523,-99.2142
WICHITA,TX,33.9973,-98.6882
WHEELER,TX,35.4067,-100.2697
WHARTON,TX,29.299,-96.221
WEBB,TX,27.7332,-99.288
WASHINGTON,TX,30.2215,-96.4299
WARD,TX,31.4598,-103.1287
WALKER,TX,30.795,-95.5934
VICTORIA,TX,28.7954,-96.9415
VAL VERDE,TX,29.7645,-101.0491
UVALDE,TX,29.3551,-99.7622
UPTON,TX,31.369,-102.0443
TYLER,TX,30.7932,-94.3877
TRAVIS,TX,30.3252,-97.7773
TOM GREEN,TX,31.3893,-100.4023
TITUS,TX,33.19,-94.9689
THROCKMORTON,TX,33.1541,-99.2122
TERRY,TX,33.1754,-102.3353
TAYLOR,TX,32.3045,-99.8901
TARRANT,TX,32.7708,-97.2917
SWISHER,TX,34.535,-101.7351
SUTTON,TX,30.4919,-100.5386
STONEWALL,TX,33.1802,-100.2535
STEPHENS,TX,32.7377,-98.836
STARR,TX,26.5105,-98.7859
SOMERVELL,TX,32.2014,-97.7856
SMITH,TX,32.4125,-95.2456
SCURRY,TX,32.7541,-100.9166
SCHLEICHER,TX,30.9013,-100.539
SAN PATRICIO,TX,27.9997,-97.5016
SAN AUGUSTINE,TX,31.377,-94.1756
SABINE,TX,31.3731,-93.8461
RUSK,TX,32.1261,-94.7873
RUNNELS,TX,31.839,-99.9766
ROCKWALL,TX,32.8972,-96.4077
REFUGIO,TX,28.3093,-97.1471
REEVES,TX,31.3853,-103.6537
REAGAN,TX,31.3693,-101.523
POTTER,TX,35.3994,-101.8943
POLK,TX,30.8186,-94.897
PECOS,TX,30.7143,-102.6595
PARMER,TX,34.5279,-102.7843
PARKER,TX,32.7816,-97.8046
PANOLA,TX,32.1837,-94.3114
PALO PINTO,TX,32.7706,-98.3186
OCHILTREE,TX,36.2819,-100.8158
NUECES,TX,27.7778,-97.6629
NOLAN,TX,32.3092,-100.4063
NAVARRO,TX,32.0628,-96.4755
NACOGDOCHES,TX,31.5347,-94.5952
MOORE,TX,35.8374,-101.8929
MONTGOMERY,TX,30.3293,-95.5146
MONTAGUE,TX,33.7131,-97.732
MITCHELL,TX,32.2991,-100.9214
MIDLAND,TX,31.8364,-102.0316
MEDINA,TX,29.4024,-99.1087
MC LENNAN,TX,31.5514,-97.2004
MC CULLOCH,TX,31.217,-99.3467
MAVERICK,TX,28.6426,-100.2812
MATAGORDA,TX,28.8246,-95.9122
MARTIN,TX,32.299,-101.9515
MADISON,TX,30.9585,-95.9474
LYNN,TX,33.179,-101.8167
LUBBOCK,TX,33.6145,-101.8206
LLANO,TX,30.704,-98.6891
LIMESTONE,TX,31.5165,-96.5516
LIBERTY,TX,30.1848,-94.8629
LAVACA,TX,29.3566,-96.8972
LAMPASAS,TX,31.2393,-98.2864
LAMB,TX,34.0888,-102.3518
LAMAR,TX,33.6614,-95.5832
KNOX,TX,33.6159,-99.7337
KLEBERG,TX,27.4227,-97.9022
KIMBLE,TX,30.4915,-99.7102
KERR,TX,30.0494,-99.3054
KAUFMAN,TX,32.5982,-96.2991
KARNES,TX,28.9476,-97.9006
JONES,TX,32.7392,-99.8789
JOHNSON,TX,32.3415,-97.3509
JIM WELLS,TX,27.659,-98.0873
JEFFERSON,TX,29.8764,-94.1418
JASPER,TX,30.7013,-93.9986
JACKSON,TX,28.9696,-96.562
JACK,TX,33.2355,-98.1705
HUTCHINSON,TX,35.8101,-101.3545
HUNT,TX,33.1232,-96.0795
HOWARD,TX,32.2992,-101.4356
HOUSTON,TX,31.26,-95.4349
HOPKINS,TX,33.1751,-95.5852
HOOD,TX,32.3932,-97.8161
HOCKLEY,TX,33.6124,-102.3431
HILL,TX,31.9888,-97.1227
HIDALGO,TX,26.3986,-98.1887
HENDERSON,TX,32.1827,-95.8182
HEMPHILL,TX,35.8244,-100.2707
HAYS,TX,30.065,-98.0268
HASKELL,TX,33.1786,-99.7307
HARRIS,TX,29.8346,-95.389
HARDIN,TX,30.3124,-94.3867
HARDEMAN,TX,34.315,-99.7365
HANSFORD,TX,36.2744,-101.3546
HAMILTON,TX,31.7167,-98.0987
HALE,TX,34.068,-101.8263
GUADALUPE,TX,29.6123,-97.9639
GRIMES,TX,30.5451,-95.9916
GREGG,TX,32.509,-94.8444
GRAYSON,TX,33.6831,-96.662
GRAY,TX,35.3987,-100.8124
GONZALES,TX,29.4484,-97.5027
GILLESPIE,TX,30.3291,-98.9457
GALVESTON,TX,29.3824,-95.0331
GAINES,TX,32.7355,-102.6352
FRIO,TX,28.8624,-99.1075
FREESTONE,TX,31.7139,-96.1581
FORT BEND,TX,29.5257,-95.746
FLOYD,TX,34.069,-101.303
FISHER,TX,32.7425,-100.4024
FAYETTE,TX,29.8921,-96.9151
FANNIN,TX,33.6132,-96.1193
FALLS,TX,31.2537,-96.9393
ERATH,TX,32.214,-98.2274
ELLIS,TX,32.3014,-96.7619
EL PASO,TX,31.6952,-106.1718
ECTOR,TX,31.8599,-102.5429
EASTLAND,TX,32.2936,-98.8015
DIMMIT,TX,28.4132,-99.7548
DENTON,TX,33.2078,-97.1156
DEAF SMITH,TX,34.9635,-102.6051
DE WITT,TX,29.0996,-97.3051
DAWSON,TX,32.737,-101.9478
DALLAS,TX,32.7661,-96.7774
DALLAM,TX,36.2673,-102.6022
CULBERSON,TX,31.3019,-104.4978
CROSBY,TX,33.6161,-101.3
CRANE,TX,31.3689,-102.5403
CORYELL,TX,31.394,-97.8008
COOKE,TX,33.6877,-97.2144
CONCHO,TX,31.3218,-99.8577
COMANCHE,TX,31.9702,-98.5993
COMAL,TX,29.8168,-98.2891
COLORADO,TX,29.6055,-96.5236
COLLINGSWORTH,TX,34.9674,-100.2701
COLLIN,TX,33.1929,-96.5676
COLEMAN,TX,31.7432,-99.4612
COCHRAN,TX,33.6054,-102.8284
CLAY,TX,33.81,-98.2007
CHILDRESS,TX,34.5307,-100.2067
CHEROKEE,TX,31.7826,-95.1853
CHAMBERS,TX,29.7071,-94.5223
CASTRO,TX,34.5304,-102.2618
CAMP,TX,32.99,-94.9935
CAMERON,TX,26.1073,-97.5787
CALHOUN,TX,28.5138,-96.695
CALDWELL,TX,29.8519,-97.6266
BURNET,TX,30.7338,-98.1859
BURLESON,TX,30.5133,-96.6354
BROWN,TX,31.7664,-98.958
BREWSTER,TX,29.8231,-103.0823
BRAZOS,TX,30.6529,-96.3806
BRAZORIA,TX,29.2123,-95.5313
BOWIE,TX,33.4761,-94.3949
BOSQUE,TX,31.8982,-97.6486
BEXAR,TX,29.4377,-98.4722
BELL,TX,31.0402,-97.51
BEE,TX,28.4248,-97.7101
BAYLOR,TX,33.616,-99.2137
BASTROP,TX,30.1035,-97.3242
BAILEY,TX,34.0706,-102.8295
AUSTIN,TX,29.8495,-96.275
ATASCOSA,TX,28.9347,-98.5218
ANGELINA,TX,31.2769,-94.6355
ANDREWS,TX,32.2885,-102.6379
ANDERSON,TX,31.7951,-95.6887
WILSON,TN,36.153,-86.3215
WILLIAMSON,TN,35.8732,-86.9151
WHITE,TN,35.9357,-85.4543
WEAKLEY,TN,36.2879,-88.74
WAYNE,TN,35.2527,-87.7805
WASHINGTON,TN,36.2721,-82.4879
WARREN,TN,35.6737,-85.7944
UNICOI,TN,36.1074,-82.474
TROUSDALE,TN,36.3909,-86.1402
TIPTON,TN,35.5119,-89.7605
SUMNER,TN,36.4488,-86.4726
SULLIVAN,TN,36.5041,-82.3115
SMITH,TN,36.2544,-85.9737
SHELBY,TN,35.2037,-89.8653
SEVIER,TN,35.8034,-83.5126
SCOTT,TN,36.3837,-84.5112
RUTHERFORD,TN,35.8599,-86.3934
ROBERTSON,TN,36.5003,-86.8818
ROANE,TN,35.8471,-84.5457
RHEA,TN,35.6177,-84.9146
PUTNAM,TN,36.1421,-85.458
PERRY,TN,35.6326,-87.8588
OVERTON,TN,36.3423,-85.3089
OBION,TN,36.3627,-89.1733
MONTGOMERY,TN,36.477,-87.37
MONROE,TN,35.4386,-84.2156
MC MINN,TN,35.4432,-84.6183
MAURY,TN,35.6297,-87.0804
MARSHALL,TN,35.484,-86.778
MADISON,TN,35.6097,-88.8422
MACON,TN,36.5267,-86.0142
LOUDON,TN,35.7566,-84.2886
LINCOLN,TN,35.1805,-86.6012
LAWRENCE,TN,35.2321,-87.3986
LAUDERDALE,TN,35.7431,-89.649
KNOX,TN,35.9904,-83.8971
JOHNSON,TN,36.4379,-81.852
JEFFERSON,TN,36.0438,-83.4658
HUMPHREYS,TN,36.0246,-87.7738
HOUSTON,TN,36.2734,-87.7325
HICKMAN,TN,35.8058,-87.4715
HENRY,TN,36.3112,-88.3117
HENDERSON,TN,35.6209,-88.4005
HAWKINS,TN,36.4187,-82.9469
HARDIN,TN,35.2025,-88.1772
HARDEMAN,TN,35.2109,-88.9869
HANCOCK,TN,36.4929,-83.2626
HAMILTON,TN,35.2216,-85.1533
HAMBLEN,TN,36.2136,-83.2706
GREENE,TN,36.171,-82.9074
GILES,TN,35.2244,-87.0214
GIBSON,TN,36.0073,-88.9462
FRANKLIN,TN,35.1755,-86.0823
DYER,TN,36.0492,-89.4236
DICKSON,TN,36.1462,-87.3611
DE KALB,TN,35.977,-85.8391
DAVIDSON,TN,36.1844,-86.7808
CUMBERLAND,TN,35.9474,-84.9777
COFFEE,TN,35.4971,-86.0606
COCKE,TN,35.9497,-83.0951
CLAIBORNE,TN,36.4668,-83.6559
CHEATHAM,TN,36.2485,-87.0841
CARTER,TN,36.3073,-82.1558
CARROLL,TN,35.9663,-88.4557
CANNON,TN,35.8086,-86.0519
CAMPBELL,TN,36.3853,-84.1333
BRADLEY,TN,35.1731,-84.8524
BLOUNT,TN,35.6773,-83.9095
BLEDSOE,TN,35.5632,-85.2671
BENTON,TN,36.0868,-88.0829
BEDFORD,TN,35.5134,-86.4509
ANDERSON,TN,36.1062,-84.2281
YANKTON,SD,42.9885,-97.3979
WALWORTH,SD,45.4185,-100.0052
UNION,SD,42.7825,-96.7134
TURNER,SD,43.2823,-97.1623
TRIPP,SD,43.3729,-99.874
TODD,SD,43.2001,-100.7209
SPINK,SD,44.9383,-98.3497
ROBERTS,SD,45.6165,-97.0395
POTTER,SD,45.0726,-99.9482
PENNINGTON,SD,44.0997,-103.0311
OGLALA LAKOTA COUNTY,SD,43.3559,-102.5556
MOODY,SD,44.0178,-96.671
MINNEHAHA,SD,43.6819,-96.7914
MEADE,SD,44.5827,-102.7842
MC PHERSON,SD,45.7725,-99.2213
MARSHALL,SD,45.7472,-97.6034
LINCOLN,SD,43.2924,-96.7518
LAWRENCE,SD,44.3682,-103.8124
LAKE,SD,44.0162,-97.1294
KINGSBURY,SD,44.3874,-97.491
JERAULD,SD,44.0666,-98.6291
HUTCHINSON,SD,43.3148,-97.7556
HUGHES,SD,44.3239,-99.9126
HAND,SD,44.538,-99.0009
HAAKON,SD,44.365,-101.5781
GREGORY,SD,43.2494,-99.2429
GRANT,SD,45.1518,-96.7912
FAULK,SD,45.0748,-99.1452
FALL RIVER,SD,43.2398,-103.5275
EDMUNDS,SD,45.3854,-99.2152
DOUGLAS,SD,43.3497,-98.3573
DEWEY,SD,45.1005,-100.9055
DEUEL,SD,44.7615,-96.668
DAY,SD,45.3724,-97.6037
DAVISON,SD,43.6763,-98.1462
CUSTER,SD,43.6671,-103.4818
CODINGTON,SD,44.9775,-97.1883
CLAY,SD,42.888,-96.9833
CHARLES MIX,SD,43.1697,-98.475
BRULE,SD,43.7182,-99.101
BROWN,SD,45.5899,-98.3509
BROOKINGS,SD,44.3681,-96.7905
BON HOMME,SD,42.9662,-97.8652
BENNETT,SD,43.1945,-101.6686
BEADLE,SD,44.4159,-98.2773
YORK,SC,34.9926,-81.1884
WILLIAMSBURG,SC,33.598,-79.7441
UNION,SC,34.6789,-81.6396
SUMTER,SC,33.9067,-80.3414
SPARTANBURG,SC,34.8864,-81.9815
RICHLAND,SC,34.0064,-80.8509
PICKENS,SC,34.8536,-82.6924
ORANGEBURG,SC,33.4424,-80.8092
OCONEE,SC,34.7647,-83.1063
NEWBERRY,SC,34.3026,-81.6234
MARION,SC,33.998,-79.4223
LEXINGTON,SC,33.9239,-81.2837
LAURENS,SC,34.4974,-81.982
LANCASTER,SC,34.7677,-80.695
KERSHAW,SC,34.3432,-80.5564
JASPER,SC,32.3944,-81.0109
HORRY,SC,33.9375,-78.9789
HAMPTON,SC,32.789,-81.1028
GREENWOOD,SC,34.1825,-82.0799
GREENVILLE,SC,34.8506,-82.3557
GEORGETOWN,SC,33.449,-79.3455
FLORENCE,SC,34.0421,-79.7528
EDGEFIELD,SC,33.7548,-81.9474
DORCHESTER,SC,33.0758,-80.424
DILLON,SC,34.4306,-79.3928
DARLINGTON,SC,34.3107,-79.913
COLLETON,SC,32.8261,-80.6509
CLARENDON,SC,33.6886,-80.2465
CHESTERFIELD,SC,34.5923,-80.096
CHESTER,SC,34.682,-81.1658
CHEROKEE,SC,35.0121,-81.6338
CHARLESTON,SC,32.7585,-80.1952
BEAUFORT,SC,32.4803,-80.6733
ANDERSON,SC,34.5146,-82.6588
ALLENDALE,SC,32.9515,-81.3641
AIKEN,SC,33.5377,-81.6614
ABBEVILLE,SC,34.2476,-82.474
WASHINGTON,RI,41.4791,-71.6061
PROVIDENCE,RI,41.8677,-71.5657
NEWPORT,RI,41.5658,-71.1692
KENT,RI,41.6827,-71.6185
YAUCO,PR,18.0629,-66.8628
VEGA BAJA,PR,18.4186,-66.3995
UTUADO,PR,18.2501,-66.6922
SAN JUAN,PR,18.3794,-66.0623
SAN GERMAN,PR,18.1133,-67.0297
PONCE,PR,18.0669,-66.6139
MOCA,PR,18.3838,-67.0824
MAYAGUEZ,PR,18.2115,-67.0953
MANATI,PR,18.4182,-66.4918
LARES,PR,18.2693,-66.8686
HUMACAO,PR,18.1378,-65.82
GUAYNABO,PR,18.3593,-66.1157
GUAYANILLA,PR,18.0442,-66.7955
FAJARDO,PR,18.3278,-65.6561
CAYEY,PR,18.103,-66.1641
CAROLINA,PR,18.3639,-65.9526
CAGUAS,PR,18.2131,-66.0557
BAYAMON,PR,18.3449,-66.1684
ARECIBO,PR,18.4037,-66.6811
AIBONITO,PR,18.1281,-66.2694
AGUADILLA,PR,18.4497,-67.1186
YORK,PA,39.9734,-76.7442
WYOMING,PA,41.5143,-76.007
WESTMORELAND,PA,40.3607,-79.3848
WAYNE,PA,41.6172,-75.2609
WASHINGTON,PA,40.2155,-80.2389
WARREN,PA,41.7989,-79.2812
VENANGO,PA,41.4008,-79.7389
UNION,PA,40.9777,-77.0484
TIOGA,PA,41.7702,-77.2503
SUSQUEHANNA,PA,41.8146,-75.8006
SOMERSET,PA,40.0088,-79.0398
SCHUYLKILL,PA,40.7235,-76.1529
POTTER,PA,41.7403,-77.9042
PHILADELPHIA,PA,40.0048,-75.1385
NORTHAMPTON,PA,40.7524,-75.3992
MONTOUR,PA,41.0278,-76.6629
MONTGOMERY,PA,40.2123,-75.3632
MONROE,PA,41.033,-75.292
MIFFLIN,PA,40.6034,-77.6476
MERCER,PA,41.279,-80.2594
MC KEAN,PA,41.8025,-78.5774
LYCOMING,PA,41.3309,-77.0538
LUZERNE,PA,41.1656,-75.9546
LEHIGH,PA,40.6036,-75.584
LEBANON,PA,40.3762,-76.4439
LAWRENCE,PA,40.9905,-80.3418
LANCASTER,PA,40.0187,-76.2339
LACKAWANNA,PA,41.4017,-75.6407
JEFFERSON,PA,41.1414,-79.005
INDIANA,PA,40.6373,-79.0962
HUNTINGDON,PA,40.4023,-78.0489
GREENE,PA,39.871,-80.2239
FULTON,PA,39.9433,-78.0937
FRANKLIN,PA,40.0059,-77.7068
FAYETTE,PA,39.9324,-79.6546
ERIE,PA,42.0598,-80.0158
ELK,PA,41.4107,-78.757
DELAWARE,PA,39.9362,-75.3767
DAUPHIN,PA,40.3906,-76.8372
CUMBERLAND,PA,40.1368,-77.3185
CRAWFORD,PA,41.6678,-80.0661
COLUMBIA,PA,41.0429,-76.3977
CLINTON,PA,41.2215,-77.6231
CLEARFIELD,PA,40.9898,-78.444
CLARION,PA,41.2028,-79.4375
CHESTER,PA,39.9818,-75.7096
CENTRE,PA,40.9728,-77.8043
CAMBRIA,PA,40.485,-78.7333
BUTLER,PA,40.9272,-79.9263
BUCKS,PA,40.3311,-75.1338
BRADFORD,PA,41.7731,-76.5107
BLAIR,PA,40.4934,-78.3483
BERKS,PA,40.4065,-75.9294
BEDFORD,PA,40.0255,-78.483
BEAVER,PA,40.6657,-80.3336
ARMSTRONG,PA,40.8485,-79.4535
ALLEGHENY,PA,40.4317,-80.0043
ADAMS,PA,39.8953,-77.2259
YAMHILL,OR,45.2547,-123.2325
WASHINGTON,OR,45.5492,-123.104
WASCO,OR,45.2651,-121.2515
WALLOWA,OR,45.5415,-117.127
UNION,OR,45.401,-118.046
UMATILLA,OR,45.5072,-118.6314
TILLAMOOK,OR,45.415,-123.6996
POLK,OR,44.8981,-123.4282
MULTNOMAH,OR,45.5805,-122.6646
MORROW,OR,45.4638,-119.5752
MARION,OR,44.9852,-122.8053
MALHEUR,OR,43.2329,-117.6274
LINN,OR,44.4967,-122.5258
LINCOLN,OR,44.661,-123.8306
LANE,OR,43.8651,-122.7483
LAKE,OR,42.8178,-120.6468
KLAMATH,OR,42.8067,-121.8166
JOSEPHINE,OR,42.3912,-123.6336
JEFFERSON,OR,44.6083,-121.0936
JACKSON,OR,42.5019,-122.7562
HOOD RIVER,OR,45.4923,-121.6721
HARNEY,OR,43.0263,-119.0802
GRANT,OR,44.4798,-119.009
DOUGLAS,OR,43.324,-122.8891
DESCHUTES,OR,44.0035,-121.4056
CURRY,OR,42.4773,-124.2135
CROOK,OR,44.1294,-120.3221
COOS,OR,43.1398,-124.0606
CLATSOP,OR,46.0053,-123.6441
CLACKAMAS,OR,45.1741,-122.2447
BENTON,OR,44.4993,-123.4045
BAKER,OR,44.6697,-117.7972
WOODWARD,OK,36.4904,-99.2829
WOODS,OK,36.6966,-98.793
WASHITA,OK,35.2812,-98.9941
WASHINGTON,OK,36.7061,-95.9052
WAGONER,OK,35.9637,-95.5202
TULSA,OK,36.1403,-96.0299
TEXAS,OK,36.7482,-101.4928
STEPHENS,OK,34.4846,-97.8509
SEQUOYAH,OK,35.4655,-94.7664
SEMINOLE,OK,35.1649,-96.6089
ROGERS,OK,36.3402,-95.6238
ROGER MILLS,OK,35.7257,-99.6885
PUSHMATAHA,OK,34.4191,-95.413
POTTAWATOMIE,OK,35.1821,-96.9595
PONTOTOC,OK,34.7367,-96.6696
PITTSBURG,OK,34.9475,-95.7985
PAYNE,OK,36.0922,-96.9882
PAWNEE,OK,36.3612,-96.7798
OTTAWA,OK,36.8405,-94.8089
OSAGE,OK,36.5814,-96.4481
OKMULGEE,OK,35.6142,-95.9529
OKLAHOMA,OK,35.553,-97.4075
OKFUSKEE,OK,35.4649,-96.2645
NOWATA,OK,36.7972,-95.6211
NOBLE,OK,36.3869,-97.2468
MUSKOGEE,OK,35.5593,-95.4202
MURRAY,OK,34.4847,-97.1165
MCCURTAIN,OK,34.0618,-94.8152
MCCLAIN,OK,35.0959,-97.5356
MAYES,OK,36.2892,-95.2206
MARSHALL,OK,33.9982,-96.776
MAJOR,OK,36.3473,-98.5327
LOVE,OK,33.8942,-97.3498
LOGAN,OK,35.945,-97.4398
LINCOLN,OK,35.6991,-96.8806
LE FLORE,OK,34.9461,-94.6876
LATIMER,OK,34.8722,-95.2527
KIOWA,OK,34.8597,-98.9635
KINGFISHER,OK,35.9457,-97.9428
KAY,OK,36.8036,-97.1074
JOHNSTON,OK,34.3082,-96.6703
JEFFERSON,OK,34.0703,-97.8401
JACKSON,OK,34.5984,-99.3749
HUGHES,OK,35.0232,-96.2897
HASKELL,OK,35.2553,-95.1327
HARPER,OK,36.8014,-99.6494
HARMON,OK,34.7829,-99.8603
GREER,OK,34.922,-99.5146
GRADY,OK,35.0328,-97.8818
GARVIN,OK,34.6793,-97.2476
GARFIELD,OK,36.3798,-97.783
ELLIS,OK,36.2174,-99.7981
DEWEY,OK,35.9926,-99.0086
DELAWARE,OK,36.4176,-94.8052
CUSTER,OK,35.6387,-99.0045
CREEK,OK,35.9083,-96.3245
CRAIG,OK,36.7555,-95.2156
COMANCHE,OK,34.6414,-98.4841
COAL,OK,34.5929,-96.3021
CLEVELAND,OK,35.152,-97.2848
CIMARRON,OK,36.7562,-102.5169
CHOCTAW,OK,34.0129,-95.5473
CHEROKEE,OK,35.9006,-95.0432
CARTER,OK,34.2927,-97.248
CANADIAN,OK,35.5264,-97.9889
CADDO,OK,35.2039,-98.3564
BRYAN,OK,33.9223,-96.246
BLAINE,OK,35.8587,-98.4196
BECKHAM,OK,35.2651,-99.6826
BEAVER,OK,36.7557,-100.4789
ATOKA,OK,34.4595,-95.9621
ADAIR,OK,35.9006,-94.6623
WYANDOT,OH,40.8401,-83.314
WOOD,OH,41.3911,-83.6498
WILLIAMS,OH,41.569,-84.593
WAYNE,OH,40.8257,-81.8872
WASHINGTON,OH,39.4311,-81.5158
WARREN,OH,39.4248,-84.1653
VAN WERT,OH,40.8382,-84.5713
UNION,OH,40.306,-83.3961
TUSCARAWAS,OH,40.4423,-81.4895
TRUMBULL,OH,41.3199,-80.7604
SUMMIT,OH,41.1313,-81.5397
STARK,OH,40.8122,-81.3675
SHELBY,OH,40.3332,-84.2192
SENECA,OH,41.1246,-83.1279
SCIOTO,OH,38.7957,-82.9618
SANDUSKY,OH,41.3799,-83.1309
ROSS,OH,39.3416,-83.0653
RICHLAND,OH,40.774,-82.5525
PORTAGE,OH,41.1683,-81.1975
PIKE,OH,39.0768,-83.088
PICKAWAY,OH,39.6422,-83.0458
PAULDING,OH,41.1216,-84.5727
OTTAWA,OH,41.5403,-83.2077
MUSKINGUM,OH,39.9623,-81.9624
MORROW,OH,40.5346,-82.8006
MONTGOMERY,OH,39.7534,-84.2913
MIAMI,OH,40.0366,-84.2325
MERCER,OH,40.5415,-84.629
MEDINA,OH,41.132,-81.9285
MARION,OH,40.5706,-83.1883
MAHONING,OH,41.0189,-80.7594
MADISON,OH,39.9016,-83.3992
LUCAS,OH,41.5756,-83.7457
LORAIN,OH,41.2889,-82.1103
LOGAN,OH,40.3861,-83.7694
LICKING,OH,40.0935,-82.4778
LAKE,OH,41.7107,-81.2423
KNOX,OH,40.4047,-82.4144
JEFFERSON,OH,40.3772,-80.7422
JACKSON,OH,39.0278,-82.6173
HURON,OH,41.1391,-82.588
HOLMES,OH,40.5598,-81.9225
HOCKING,OH,39.5117,-82.4497
HIGHLAND,OH,39.2048,-83.6091
HENRY,OH,41.3226,-84.0553
HARRISON,OH,40.2967,-81.1052
HARDIN,OH,40.6579,-83.65
HANCOCK,OH,41,-83.6505
HAMILTON,OH,39.1671,-84.5575
GUERNSEY,OH,40.0289,-81.4771
GREENE,OH,39.7007,-83.8803
GEAUGA,OH,41.5288,-81.1969
GALLIA,OH,38.8091,-82.3889
FULTON,OH,41.6027,-84.1318
FRANKLIN,OH,39.9693,-83.013
FAYETTE,OH,39.5464,-83.4341
FAIRFIELD,OH,39.7574,-82.6153
ERIE,OH,41.3813,-82.671
DELAWARE,OH,40.2856,-82.9997
DEFIANCE,OH,41.2973,-84.5157
DARKE,OH,40.1341,-84.6194
CUYAHOGA,OH,41.4559,-81.6805
CRAWFORD,OH,40.8562,-82.9186
COSHOCTON,OH,40.3057,-81.9055
COLUMBIANA,OH,40.7609,-80.8031
CLINTON,OH,39.3883,-83.792
CLERMONT,OH,39.0193,-84.1685
CLARK,OH,39.9034,-83.798
CHAMPAIGN,OH,40.1413,-83.7643
BUTLER,OH,39.444,-84.5771
BELMONT,OH,40.0117,-80.9866
AUGLAIZE,OH,40.515,-84.2245
ATHENS,OH,39.3556,-82.0716
ASHTABULA,OH,41.7343,-80.7618
ASHLAND,OH,40.8114,-82.2674
ALLEN,OH,40.7849,-84.1386
ADAMS,OH,38.8204,-83.4795
YATES,NY,42.6109,-77.1306
WYOMING,NY,42.6952,-78.2099
WESTCHESTER,NY,41.1249,-73.7718
WAYNE,NY,43.1793,-77.0416
WARREN,NY,43.5152,-73.9062
ULSTER,NY,41.8791,-74.2028
TOMPKINS,NY,42.4439,-76.4727
SULLIVAN,NY,41.7194,-74.7908
SUFFOLK,NY,40.9086,-72.9176
STEUBEN,NY,42.2995,-77.4184
ST. LAWRENCE,NY,44.5333,-75.1606
SCHUYLER,NY,42.3922,-76.8958
SCHOHARIE,NY,42.5925,-74.4362
SCHENECTADY,NY,42.8329,-74.0442
SARATOGA,NY,43.0872,-73.8458
ROCKLAND,NY,41.1589,-74.0653
RICHMOND,NY,40.5726,-74.1446
RENSSELAER,NY,42.713,-73.4898
QUEENS,NY,40.7043,-73.8196
PUTNAM,NY,41.4237,-73.7555
OTSEGO,NY,42.6115,-74.9894
OSWEGO,NY,43.4316,-76.2142
ORLEANS,NY,43.2522,-78.2296
ORANGE,NY,41.3876,-74.3315
ONTARIO,NY,42.808,-77.2821
ONONDAGA,NY,43.0228,-76.2029
ONEIDA,NY,43.2406,-75.4975
NIAGARA,NY,43.1973,-78.7555
NEW YORK,NY,40.7882,-73.9605
NASSAU,NY,40.7554,-73.573
MONTGOMERY,NY,42.9109,-74.4198
MONROE,NY,43.1531,-77.6857
MADISON,NY,42.9545,-75.7265
LIVINGSTON,NY,42.7304,-77.7813
LEWIS,NY,43.8336,-75.4915
KINGS,NY,40.6553,-73.9391
JEFFERSON,NY,44.0407,-75.8085
HERKIMER,NY,43.4652,-74.9411
GENESEE,NY,43.0001,-78.1865
FULTON,NY,43.1354,-74.427
FRANKLIN,NY,44.5612,-74.2572
ESSEX,NY,44.1475,-73.7487
ERIE,NY,42.7691,-78.6668
DUTCHESS,NY,41.7622,-73.728
DELAWARE,NY,42.1831,-74.9537
CORTLAND,NY,42.6006,-76.0718
COLUMBIA,NY,42.2448,-73.6407
CLINTON,NY,44.7224,-73.6768
CHENANGO,NY,42.4711,-75.6351
CHEMUNG,NY,42.1465,-76.7623
CHAUTAUQUA,NY,42.2858,-79.3876
CAYUGA,NY,43.0195,-76.6022
CATTARAUGUS,NY,42.2766,-78.6848
BROOME,NY,42.2087,-75.8619
BRONX,NY,40.856,-73.8664
ALLEGANY,NY,42.2585,-78.0236
ALBANY,NY,42.6169,-73.977
WHITE PINE,NV,39.4098,-114.9774
WASHOE,NV,40.5919,-119.6547
PERSHING,NV,40.481,-118.3302
NYE,NV,37.5883,-116.5304
MINERAL,NV,38.4859,-118.3056
LYON,NV,39.0782,-119.0327
LINCOLN,NV,37.7609,-114.9727
LANDER,NV,40.0429,-117.0563
HUMBOLDT,NV,41.2611,-118.1618
ELKO,NV,41.0619,-115.5301
DOUGLAS,NV,38.8267,-119.5856
CLARK,NV,35.933,-115.2601
CHURCHILL,NV,39.5395,-118.2919
CARSON CITY,NV,39.1679,-119.7232
UNION,NM,36.3704,-103.5249
TAOS,NM,36.5058,-105.6413
SOCORRO,NM,34.0443,-106.8211
SIERRA,NM,33.0436,-107.1072
SANTA FE,NM,35.5163,-105.9833
SANDOVAL,NM,35.7068,-106.7786
SAN MIGUEL,NM,35.4542,-104.7319
SAN JUAN,NM,36.5045,-108.3355
ROOSEVELT,NM,34.0899,-103.4948
RIO ARRIBA,NM,36.4672,-106.7823
QUAY,NM,35.1756,-103.5469
OTERO,NM,32.6969,-105.8645
MCKINLEY,NM,35.4565,-108.1768
LUNA,NM,32.1966,-107.7641
LOS ALAMOS,NM,35.8672,-106.324
LINCOLN,NM,33.7438,-105.472
LEA,NM,32.7925,-103.4398
GUADALUPE,NM,34.7867,-104.7101
GRANT,NM,32.5305,-108.2852
EDDY,NM,32.4808,-104.2872
DONA ANA,NM,32.4252,-106.8378
CURRY,NM,34.6369,-103.3746
COLFAX,NM,36.608,-104.6914
CIBOLA,NM,34.9699,-107.7712
CHAVES,NM,33.3103,-104.326
BERNALILLO,NM,35.0448,-106.677
WARREN,NJ,40.8438,-74.9606
UNION,NJ,40.6656,-74.2739
SUSSEX,NJ,41.1285,-74.6997
SOMERSET,NJ,40.5669,-74.6246
SALEM,NJ,39.5844,-75.3039
PASSAIC,NJ,41.0117,-74.308
OCEAN,NJ,39.8409,-74.2864
MORRIS,NJ,40.8677,-74.5721
MONMOUTH,NJ,40.2791,-74.1884
MIDDLESEX,NJ,40.4306,-74.4006
MERCER,NJ,40.2809,-74.6827
HUNTERDON,NJ,40.5639,-74.9125
HUDSON,NJ,40.7337,-74.0641
ESSEX,NJ,40.7945,-74.2539
CUMBERLAND,NJ,39.3728,-75.124
CAPE MAY,NJ,39.1268,-74.8257
CAMDEN,NJ,39.8025,-74.9898
BURLINGTON,NJ,39.8671,-74.6832
BERGEN,NJ,40.9485,-74.0323
ATLANTIC,NJ,39.5098,-74.6941
SULLIVAN,NH,43.3649,-72.2372
STRAFFORD,NH,43.3285,-71.0587
ROCKINGHAM,NH,43.0068,-71.068
MERRIMACK,NH,43.3128,-71.686
HILLSBOROUGH,NH,42.953,-71.7203
GRAFTON,NH,43.9691,-71.7378
COOS,NH,44.6987,-71.3169
CHESHIRE,NH,42.9472,-72.2973
CARROLL,NH,43.882,-71.277
BELKNAP,NH,43.5256,-71.4326
YORK,NE,40.8794,-97.5972
WEBSTER,NE,40.1769,-98.4998
WAYNE,NE,42.2225,-97.0955
WASHINGTON,NE,41.5376,-96.2688
VALLEY,NE,41.5667,-98.9817
THURSTON,NE,42.1468,-96.5714
THAYER,NE,40.1835,-97.5949
SHERIDAN,NE,42.5043,-102.4198
SEWARD,NE,40.8792,-97.1394
SCOTT BLUFF,NE,,
SAUNDERS,NE,41.2345,-96.6371
SARPY,NE,41.0929,-96.1005
SALINE,NE,40.5313,-97.1406
RICHARDSON,NE,40.1309,-95.7153
RED WILLOW,NE,40.1821,-100.4778
POLK,NE,41.222,-97.5724
PLATTE,NE,41.5439,-97.5414
PIERCE,NE,42.2696,-97.6014
PHELPS,NE,40.5215,-99.4118
PERKINS,NE,40.8495,-101.6496
PAWNEE,NE,40.1345,-96.237
OTOE,NE,40.6542,-96.1234
NUCKOLLS,NE,40.1769,-98.0472
NEMAHA,NE,40.4105,-95.863
MORRILL,NE,41.7195,-103.0045
MERRICK,NE,41.1371,-98.0739
MADISON,NE,41.922,-97.6008
LINCOLN,NE,41.047,-100.7442
LANCASTER,NE,40.7872,-96.6872
KNOX,NE,42.662,-97.8954
KIMBALL,NE,41.1986,-103.7148
KEITH,NE,41.1991,-101.6629
KEARNEY,NE,40.5292,-98.9518
JOHNSON,NE,40.4,-96.265
JEFFERSON,NE,40.1832,-97.1427
HOWARD,NE,41.2222,-98.5172
HOLT,NE,42.4933,-98.7752
HARLAN,NE,40.18,-99.4045
HAMILTON,NE,40.9375,-98.0167
HALL,NE,40.8731,-98.5022
GARDEN,NE,41.6187,-102.311
GAGE,NE,40.2659,-96.69
FURNAS,NE,40.193,-99.9124
FRANKLIN,NE,40.18,-98.9526
FILLMORE,NE,40.5318,-97.5965
DUNDY,NE,40.1776,-101.6884
DOUGLAS,NE,41.2919,-96.1502
DODGE,NE,41.5688,-96.6751
DAWSON,NE,40.8658,-99.8251
DAWES,NE,42.7214,-103.1269
CUSTER,NE,41.3952,-99.7319
CUMING,NE,41.9158,-96.7875
COLFAX,NE,41.5601,-97.0793
CHEYENNE,NE,41.2207,-102.9933
CHERRY,NE,42.5459,-101.125
CHASE,NE,40.5299,-101.698
BUTLER,NE,41.2578,-97.1385
BUFFALO,NE,40.8486,-99.074
BROWN,NE,42.4671,-99.9296
BOYD,NE,42.8802,-98.6249
BOX BUTTE,NE,42.2162,-103.094
BOONE,NE,41.6949,-98.0609
ANTELOPE,NE,42.1782,-98.0677
ADAMS,NE,40.5222,-98.5011
WILLIAMS,ND,48.2972,-103.4371
WELLS,ND,47.5879,-99.6494
WARD,ND,48.3313,-101.4681
WALSH,ND,48.3689,-97.7238
TRAILL,ND,47.4553,-97.1645
TOWNER,ND,48.6677,-99.2317
STUTSMAN,ND,46.9802,-98.957
STARK,ND,46.826,-102.6639
SIOUX,ND,46.1869,-100.8971
ROLETTE,ND,48.7669,-99.8544
RANSOM,ND,46.4568,-97.6572
RAMSEY,ND,48.2281,-98.7462
PIERCE,ND,48.2004,-100.0425
PEMBINA,ND,48.7706,-97.5505
NELSON,ND,47.9367,-98.2038
MOUNTRAIL,ND,48.1518,-102.3751
MERCER,ND,47.2786,-101.7146
MCLEAN,ND,47.5039,-101.0353
MCKENZIE,ND,47.7125,-103.3429
MCINTOSH,ND,46.1117,-99.4415
GRIGGS,ND,47.4711,-98.2427
GRANT,ND,46.3641,-101.548
GRAND FORKS,ND,47.9349,-97.4592
FOSTER,ND,47.457,-98.8831
EMMONS,ND,46.2896,-100.2458
DIVIDE,ND,48.8178,-103.4942
DICKEY,ND,46.1117,-98.5056
CAVALIER,ND,48.7761,-98.4753
CASS,ND,46.9355,-97.2363
BURLEIGH,ND,46.9823,-100.5255
BOWMAN,ND,46.1134,-103.5206
BOTTINEAU,ND,48.7699,-100.8398
BARNES,ND,46.9407,-98.0604
ADAMS,ND,46.1134,-102.4968
WILSON,NC,35.7201,-77.9431
WILKES,NC,36.2151,-81.1701
WAYNE,NC,35.3725,-77.9812
WATAUGA,NC,36.2514,-81.7044
WASHINGTON,NC,35.8405,-76.5773
WAKE,NC,35.798,-78.6094
VANCE,NC,36.3447,-78.3979
UNION,NC,35.0113,-80.5626
TRANSYLVANIA,NC,35.2253,-82.7697
SWAIN,NC,35.4872,-83.5969
SURRY,NC,36.4,-80.7065
STOKES,NC,36.409,-80.2393
STANLY,NC,35.323,-80.2478
SCOTLAND,NC,34.8371,-79.484
SAMPSON,NC,34.9352,-78.3612
RUTHERFORD,NC,35.3967,-81.9147
ROWAN,NC,35.6834,-80.5507
ROCKINGHAM,NC,36.3943,-79.7777
ROBESON,NC,34.6272,-79.1436
RANDOLPH,NC,35.7161,-79.8027
POLK,NC,35.2971,-82.1763
PITT,NC,35.5808,-77.3685
PERSON,NC,36.3907,-78.9725
PENDER,NC,34.5169,-77.9241
PASQUOTANK,NC,36.3172,-76.3078
ORANGE,NC,36.0541,-79.1222
ONSLOW,NC,34.7213,-77.2486
NEW HANOVER,NC,34.159,-77.8974
NASH,NC,35.9636,-77.977
MOORE,NC,35.2784,-79.4623
MONTGOMERY,NC,35.3237,-79.8985
MITCHELL,NC,35.9917,-82.1267
MECKLENBURG,NC,35.2586,-80.831
MC DOWELL,NC,35.7389,-82.0433
MARTIN,NC,35.8669,-77.195
MACON,NC,35.1625,-83.4796
LINCOLN,NC,35.485,-81.2181
LENOIR,NC,35.2179,-77.6761
LEE,NC,35.4674,-79.1892
JOHNSTON,NC,35.5376,-78.3875
JACKSON,NC,35.2632,-83.1162
IREDELL,NC,35.7741,-80.9217
HOKE,NC,35.0238,-79.2598
HERTFORD,NC,36.3931,-77.031
HENDERSON,NC,35.3228,-82.4741
HAYWOOD,NC,35.5419,-82.9658
HARNETT,NC,35.3877,-78.839
HALIFAX,NC,36.2584,-77.6848
GUILFORD,NC,36.0738,-79.7901
GRANVILLE,NC,36.2968,-78.6558
GASTON,NC,35.2834,-81.1822
FORSYTH,NC,36.1176,-80.2522
EDGECOMBE,NC,35.9136,-77.578
DURHAM,NC,36.0511,-78.8681
DUPLIN,NC,34.951,-77.9078
DAVIE,NC,35.9021,-80.5375
DAVIDSON,NC,35.7656,-80.2531
DARE,NC,35.7741,-75.8627
CUMBERLAND,NC,35.051,-78.8717
CRAVEN,NC,35.2382,-77.1841
COLUMBUS,NC,34.215,-78.6198
CLEVELAND,NC,35.3743,-81.5594
CHOWAN,NC,36.1793,-76.6506
CHEROKEE,NC,35.1398,-84.0769
CHATHAM,NC,35.678,-79.2599
CATAWBA,NC,35.6888,-81.2042
CARTERET,NC,34.8384,-76.6488
CALDWELL,NC,35.9399,-81.5596
CABARRUS,NC,35.3455,-80.5464
BURKE,NC,35.7795,-81.7535
BUNCOMBE,NC,35.6207,-82.5391
BRUNSWICK,NC,34.1198,-78.2512
BLADEN,NC,34.6121,-78.5716
BERTIE,NC,36.03,-76.985
BEAUFORT,NC,35.4781,-76.6975
AVERY,NC,36.0994,-81.9277
ASHE,NC,36.4146,-81.4996
ANSON,NC,35.0087,-80.0992
ALLEGHANY,NC,36.4705,-81.1261
ALAMANCE,NC,36.0473,-79.4006
YELLOWSTONE,MT,45.9727,-108.3601
WHEATLAND,MT,46.4874,-109.8421
VALLEY,MT,48.3347,-106.5325
TOOLE,MT,48.6175,-111.7313
TETON,MT,47.8179,-112.1627
SWEET GRASS,MT,45.701,-109.8912
STILLWATER,MT,45.6523,-109.213
SILVER BOW,MT,45.9061,-112.6901
SHERIDAN,MT,48.6974,-104.5431
SANDERS,MT,47.6957,-115.1536
ROSEBUD,MT,46.0242,-106.5653
ROOSEVELT,MT,48.2809,-104.9255
RICHLAND,MT,47.7521,-104.6391
RAVALLI,MT,46.0635,-114.1304
PRAIRIE,MT,46.8682,-105.5572
POWELL,MT,46.9379,-113.0493
PONDERA,MT,48.2343,-112.4465
PHILLIPS,MT,48.229,-107.8905
PARK,MT,45.597,-110.5064
MUSSELSHELL,MT,46.4464,-108.3212
MISSOULA,MT,47.1072,-113.9449
MINERAL,MT,47.0981,-114.8631
MEAGHER,MT,46.6376,-110.8206
MCCONE,MT,47.5977,-105.8121
MADISON,MT,45.2788,-111.9151
LINCOLN,MT,48.4634,-115.4496
LIBERTY,MT,48.5739,-111.0115
LEWIS AND CLARK,MT,47.1899,-112.5344
LAKE,MT,47.597,-114.1349
HILL,MT,48.5696,-110.1276
GRANITE,MT,46.3869,-113.4202
GLACIER,MT,48.6561,-112.9653
GARFIELD,MT,47.4172,-107.1049
GALLATIN,MT,45.3376,-111.2056
FLATHEAD,MT,48.303,-114.0979
FERGUS,MT,47.2602,-109.3598
FALLON,MT,46.2947,-104.4655
DEER LODGE,MT,46.0131,-113.0994
DAWSON,MT,47.3283,-104.9234
DANIELS,MT,48.7726,-105.5298
CUSTER,MT,46.3205,-105.5301
CHOUTEAU,MT,47.8648,-110.474
CASCADE,MT,47.266,-111.4165
CARTER,MT,45.5708,-104.5117
CARBON,MT,45.3168,-109.1433
BROADWATER,MT,46.3095,-111.4521
BLAINE,MT,48.3646,-108.9651
BIG HORN,MT,45.5509,-107.3996
BEAVERHEAD,MT,45.1549,-113.0231
YAZOO,MS,32.7632,-90.36
YALOBUSHA,MS,34.0297,-89.7169
WINSTON,MS,33.105,-89.0658
WILKINSON,MS,31.1872,-91.3242
WEBSTER,MS,33.609,-89.2626
WAYNE,MS,31.6674,-88.7028
WASHINGTON,MS,33.2697,-90.8805
WARREN,MS,32.349,-90.7914
WALTHALL,MS,31.1785,-90.1462
UNION,MS,34.4823,-89.0178
TISHOMINGO,MS,34.7299,-88.2243
TIPPAH,MS,34.802,-88.9206
TALLAHATCHIE,MS,33.9322,-90.1881
SUNFLOWER,MS,33.6292,-90.5554
SMITH,MS,32.0031,-89.4883
SIMPSON,MS,31.9015,-89.9078
SHARKEY,MS,32.8801,-90.8212
SCOTT,MS,32.4277,-89.5348
RANKIN,MS,32.3185,-89.9417
QUITMAN,MS,34.2959,-90.2919
PRENTISS,MS,34.6107,-88.5242
PONTOTOC,MS,34.2247,-89.0355
PIKE,MS,31.175,-90.4044
PEARL RIVER,MS,30.7369,-89.5804
PANOLA,MS,34.3561,-89.9593
OKTIBBEHA,MS,33.4203,-88.8794
NOXUBEE,MS,33.1131,-88.5698
NESHOBA,MS,32.7549,-89.1169
MONTGOMERY,MS,33.4834,-89.6459
MONROE,MS,33.8726,-88.476
MARSHALL,MS,34.7467,-89.5112
MARION,MS,31.2157,-89.8428
MADISON,MS,32.6428,-90.0085
LOWNDES,MS,33.5167,-88.4303
LINCOLN,MS,31.5277,-90.4389
LEFLORE,MS,33.5228,-90.2772
LEE,MS,34.2851,-88.685
LEAKE,MS,32.7544,-89.5243
LAWRENCE,MS,31.5426,-90.1104
LAUDERDALE,MS,32.3986,-88.6626
LAMAR,MS,31.2074,-89.5011
LAFAYETTE,MS,34.3592,-89.4837
KEMPER,MS,32.7519,-88.6416
JONES,MS,31.6287,-89.1716
JEFFERSON DAVIS,MS,31.5824,-89.8394
JEFFERSON,MS,31.7339,-91.025
JASPER,MS,32.0105,-89.1173
JACKSON,MS,30.5287,-88.6434
HOLMES,MS,33.1279,-90.0729
HINDS,MS,32.3116,-90.4249
HARRISON,MS,30.4902,-89.1126
HANCOCK,MS,30.4115,-89.5108
GRENADA,MS,33.7834,-89.8219
GREENE,MS,31.2173,-88.6393
GEORGE,MS,30.8709,-88.652
FRANKLIN,MS,31.4651,-90.8943
FORREST,MS,31.1689,-89.2472
DE SOTO,MS,34.8543,-89.963
COVINGTON,MS,31.6192,-89.578
COPIAH,MS,31.8678,-90.4268
COAHOMA,MS,34.2547,-90.6431
CLAY,MS,33.6599,-88.7739
CLARKE,MS,32.0179,-88.6852
CLAIBORNE,MS,32.0085,-90.8996
CHOCTAW,MS,33.3084,-89.2711
CHICKASAW,MS,33.9062,-88.929
CALHOUN,MS,33.9406,-89.3227
BOLIVAR,MS,33.8258,-90.8562
ATTALA,MS,33.0829,-89.5725
ALCORN,MS,34.8815,-88.5944
ADAMS,MS,31.4734,-91.3366
SAIPAN,MP,15.171,145.74
WASHINGTON,MO,37.9701,-90.868
VERNON,MO,37.8515,-94.3425
TEXAS,MO,37.3295,-91.9496
TANEY,MO,36.6632,-93.0397
SULLIVAN,MO,40.2195,-93.1111
STODDARD,MO,36.8776,-89.9732
STE. GENEVIEVE,MO,37.8995,-90.1973
ST. LOUIS CITY,MO,38.6529,-90.241
ST. LOUIS,MO,38.6443,-90.5089
ST. FRANCOIS,MO,37.86,-90.5396
ST. CLAIR,MO,38.0293,-93.7825
ST. CHARLES,MO,38.7506,-90.7313
SCOTT,MO,37.0569,-89.5778
SCOTLAND,MO,40.4469,-92.1481
SALINE,MO,39.1699,-93.1932
RAY,MO,39.3318,-93.9855
RANDOLPH,MO,39.4287,-92.5051
PUTNAM,MO,40.4661,-93.0345
PULASKI,MO,37.8222,-92.2172
POLK,MO,37.623,-93.3955
PLATTE,MO,39.3441,-94.7555
PIKE,MO,39.3683,-91.1708
PHELPS,MO,37.8779,-91.7751
PETTIS,MO,38.7213,-93.2813
PERRY,MO,37.7345,-89.8308
PEMISCOT,MO,36.2112,-89.8163
NODAWAY,MO,40.3528,-94.8889
NEWTON,MO,36.9,-94.3411
MARION,MO,39.8028,-91.607
MADISON,MO,37.4749,-90.3456
MACON,MO,39.8195,-92.5733
LIVINGSTON,MO,39.7889,-93.5615
LINN,MO,39.8713,-93.1084
LINCOLN,MO,39.0483,-90.9874
LAWRENCE,MO,37.1077,-93.8331
LAFAYETTE,MO,39.1019,-93.7971
LACLEDE,MO,37.6879,-92.5972
JOHNSON,MO,38.7483,-93.8131
JEFFERSON,MO,38.2529,-90.5695
JASPER,MO,37.2065,-94.3365
JACKSON,MO,39.039,-94.3583
IRON,MO,37.5072,-90.6587
HOWELL,MO,36.7824,-91.8936
HENRY,MO,38.3849,-93.7916
HARRISON,MO,40.3566,-93.9891
GRUNDY,MO,40.1149,-93.5655
GREENE,MO,37.2588,-93.3336
GENTRY,MO,40.2114,-94.4104
GASCONADE,MO,38.4294,-91.5057
FRANKLIN,MO,38.4568,-91.052
DENT,MO,37.6036,-91.4819
COLE,MO,38.5307,-92.2447
CLINTON,MO,39.6007,-94.4041
CLAY,MO,39.2858,-94.4063
CEDAR,MO,37.7342,-93.8397
CASS,MO,38.6442,-94.364
CARROLL,MO,39.4112,-93.4723
CAPE GIRARDEAU,MO,37.3671,-89.644
CAMDEN,MO,38.0296,-92.7914
CALLAWAY,MO,38.8109,-91.8934
BUTLER,MO,36.7128,-90.3906
BUCHANAN,MO,39.6759,-94.8051
BOONE,MO,38.9469,-92.3414
BATES,MO,38.2475,-94.3433
BARTON,MO,37.502,-94.3471
BARRY,MO,36.7224,-93.8227
AUDRAIN,MO,39.202,-91.7624
ATCHISON,MO,40.4232,-95.4182
ADAIR,MO,40.1904,-92.6009
YELLOW MEDCINE,MN,,
WRIGHT,MN,45.2011,-93.9507
WINONA,MN,44.0197,-91.795
WILKIN,MN,46.3271,-96.4431
WATONWAN,MN,43.9851,-94.6141
WASHINGTON,MN,45.0213,-92.8735
WASECA,MN,44.0251,-93.5872
WADENA,MN,46.59,-94.9678
WABASHA,MN,44.2807,-92.2277
TRAVERSE,MN,45.805,-96.4285
TODD,MN,46.0722,-94.897
SWIFT,MN,45.2755,-95.6862
STEVENS,MN,45.5888,-96.0058
STEELE,MN,44.0223,-93.2259
STEARNS,MN,45.5294,-94.6407
ST. LOUIS,MN,47.6532,-92.4287
SIBLEY,MN,44.5871,-94.2659
SCOTT,MN,44.6795,-93.5028
ROSEAU,MN,48.7711,-95.7474
ROCK,MN,43.6746,-96.2532
RICE,MN,44.3629,-93.2822
RENVILLE,MN,44.6747,-94.9703
REDWOOD,MN,44.4497,-95.2299
RAMSEY,MN,45.0067,-93.0961
POPE,MN,45.5997,-95.4491
POLK,MN,47.8374,-96.6696
PIPESTONE,MN,44.0241,-96.2588
PINE,MN,46.0796,-92.6745
PENNINGTON,MN,48.0653,-96.0466
OTTER TAIL,MN,46.411,-95.718
OLMSTED,MN,44.0156,-92.3784
NORMAN,MN,47.3253,-96.4513
NOBLES,MN,43.6789,-95.7531
NICOLLET,MN,44.3061,-94.2046
MURRAY,MN,44.0223,-95.7634
MORRISON,MN,46.0635,-94.2293
MILLE LACS,MN,45.9017,-93.6432
MEEKER,MN,45.0974,-94.5065
MC LEOD,MN,44.8107,-94.2539
MARTIN,MN,43.6862,-94.5511
MARSHALL,MN,48.359,-96.3698
MAHNOMEN,MN,47.327,-95.809
LYON,MN,44.4074,-95.8367
LINCOLN,MN,44.408,-96.2656
LE SUEUR,MN,44.3701,-93.7434
LAKE OF  WOODS,MN,,
LAKE,MN,47.5746,-91.4059
LAC QUI PARLE,MN,45.0373,-96.1741
KOOCHICHING,MN,48.3081,-93.7598
KITTSON,MN,48.7724,-96.7786
KANDIYOHI,MN,45.1587,-95.0019
KANABEC,MN,45.9423,-93.3307
JACKSON,MN,43.6789,-95.1538
ITASCA,MN,47.4638,-93.5723
ISANTI,MN,45.5694,-93.3266
HUBBARD,MN,47.1112,-94.9167
HENNEPIN,MN,45.012,-93.4873
GRANT,MN,45.9343,-96.0116
GOODHUE,MN,44.455,-92.7349
FREEBORN,MN,43.6801,-93.3489
FARIBAULT,MN,43.6808,-93.9481
DOUGLAS,MN,45.9337,-95.4525
DAKOTA,MN,44.6986,-93.0252
CROW WING,MN,46.4798,-94.0703
COTTONWOOD,MN,44.0291,-95.1608
COOK,MN,47.8562,-90.4756
CLEARWATER,MN,47.5919,-95.3691
CHISAGO,MN,45.5139,-92.8742
CHIPPEWA,MN,44.9523,-95.5279
CASS,MN,46.8828,-94.2174
CARVER,MN,44.8101,-93.7653
CARLTON,MN,46.6091,-92.6775
BROWN,MN,44.3034,-94.6524
BLUE EARTH,MN,44.0567,-94.0688
BIG STONE,MN,45.3816,-96.333
BELTRAMI,MN,47.9786,-94.8401
BECKER,MN,46.9277,-95.6682
ANOKA,MN,45.2255,-93.243
AITKIN,MN,46.6066,-93.4206
WEXFORD,MI,44.3357,-85.5789
WAYNE,MI,42.2433,-83.3345
WASHTENAW,MI,42.2533,-83.8375
VAN BUREN,MI,42.2457,-86.0643
TUSCOLA,MI,43.4682,-83.4035
ST. JOSEPH,MI,41.9159,-85.5264
ST. CLAIR,MI,42.8312,-82.6054
SHIAWASSEE,MI,42.9544,-84.1478
SCHOOLCRAFT,MI,46.1369,-86.1775
SANILAC,MI,43.4228,-82.8234
SAGINAW,MI,43.3527,-84.034
OTTAWA,MI,42.9875,-86.0057
OTSEGO,MI,45.0285,-84.6094
OSCEOLA,MI,43.989,-85.3253
ONTONAGON,MI,46.6939,-89.364
OGEMAW,MI,44.3354,-84.1265
OCEANA,MI,43.6446,-86.2899
OAKLAND,MI,42.6613,-83.387
NEWAYGO,MI,43.5559,-85.8011
MUSKEGON,MI,43.2957,-86.2106
MONTCALM,MI,43.2932,-85.079
MONROE,MI,41.908,-83.5514
MIDLAND,MI,43.6591,-84.3874
MECOSTA,MI,43.641,-85.3244
MASON,MI,43.9975,-86.2606
MARQUETTE,MI,46.4541,-87.6166
MANISTEE,MI,44.3411,-86.0462
MACOMB,MI,42.6525,-82.8989
MACKINAC,MI,46.0418,-84.9015
LUCE,MI,46.4984,-85.5522
LIVINGSTON,MI,42.6027,-83.9111
LENAWEE,MI,41.8957,-84.0658
LAPEER,MI,43.1028,-83.2261
KENT,MI,43.0341,-85.5504
KALKASKA,MI,44.6868,-85.0916
KALAMAZOO,MI,42.2469,-85.5315
JACKSON,MI,42.2474,-84.4239
ISABELLA,MI,43.6469,-84.8472
IRON,MI,46.1619,-88.5543
IOSCO,MI,44.3368,-83.6086
IONIA,MI,42.9458,-85.0748
INGHAM,MI,42.5982,-84.3736
HURON,MI,43.8695,-83.0013
HOUGHTON,MI,46.8547,-88.7422
HILLSDALE,MI,41.891,-84.5935
GRATIOT,MI,43.2922,-84.6049
GRAND TRAVERSE,MI,44.7525,-85.6908
GOGEBIC,MI,46.4324,-89.7644
GLADWIN,MI,43.9866,-84.3862
GENESEE,MI,43.0083,-83.6933
EMMET,MI,45.5315,-84.9213
EATON,MI,42.5931,-84.8387
DICKINSON,MI,45.9809,-87.8673
DELTA,MI,45.8554,-87.1712
CRAWFORD,MI,44.679,-84.6107
CLINTON,MI,42.942,-84.6016
CLARE,MI,43.9892,-84.847
CHIPPEWA,MI,46.357,-84.6847
CHARLEVOIX,MI,45.2443,-85.059
CASS,MI,41.9156,-85.9918
CALHOUN,MI,42.2445,-85.0069
BRANCH,MI,41.9159,-85.0588
BERRIEN,MI,42.0019,-86.3892
BENZIE,MI,44.6464,-86.0352
BAY,MI,43.7384,-84.0552
BARRY,MI,42.595,-85.3093
BARAGA,MI,46.7009,-88.3348
ARENAC,MI,44.0369,-83.9226
ALPENA,MI,45.032,-83.6662
ALLEGAN,MI,42.5942,-85.8847
ALGER,MI,46.425,-86.8882
YORK,ME,43.4408,-70.6572
WASHINGTON,ME,45.0452,-67.5514
WALDO,ME,44.5028,-69.0953
SOMERSET,ME,45.5842,-70.1228
PISCATAQUIS,ME,45.798,-69.2708
PENOBSCOT,ME,45.5258,-68.4345
OXFORD,ME,44.5715,-70.6599
LINCOLN,ME,44.0785,-69.5866
KNOX,ME,44.1416,-69.1941
KENNEBEC,ME,44.4146,-69.7897
HANCOCK,ME,44.7441,-68.3219
FRANKLIN,ME,45.0569,-70.4637
CUMBERLAND,ME,43.85,-70.4132
AROOSTOOK,ME,46.5366,-68.304
ANDROSCOGGIN,ME,44.1975,-70.2021
WORCESTER,MD,38.2234,-75.4131
WICOMICO,MD,38.3944,-75.5784
WASHINGTON,MD,39.5209,-77.7203
TALBOT,MD,38.762,-76.0336
ST. MARYS,MD,38.2752,-76.5122
PRINCE GEORGES,MD,38.8356,-76.8411
MONTGOMERY,MD,39.1442,-77.2388
KENT,MD,39.2185,-76.1421
HOWARD,MD,39.236,-76.8932
HARFORD,MD,39.511,-76.2962
GARRETT,MD,39.463,-79.2891
FREDERICK,MD,39.4703,-77.3679
CHARLES,MD,38.4864,-77.1515
CECIL,MD,39.5427,-75.9237
CARROLL,MD,39.5348,-77.0131
CALVERT,MD,38.5432,-76.5914
BALTIMORE CITY,MD,39.304,-76.6204
BALTIMORE,MD,39.4587,-76.637
ANNE ARUNDEL,MD,38.9754,-76.6531
ALLEGANY,MD,39.5807,-78.5952
WORCESTER,MA,42.3658,-71.9578
SUFFOLK,MA,42.301,-71.0926
PLYMOUTH,MA,41.9678,-70.8615
NORFOLK,MA,42.1571,-71.1978
NANTUCKET,MA,41.3157,-70.0042
MIDDLESEX,MA,42.4472,-71.2884
HAMPSHIRE,MA,42.3699,-72.7142
HAMPDEN,MA,42.1702,-72.6267
FRANKLIN,MA,42.519,-72.5621
ESSEX,MA,42.6513,-71.0076
DUKES,MA,41.3918,-70.6209
BRISTOL,MA,41.7892,-71.2278
BERKSHIRE,MA,42.3939,-73.2014
BARNSTABLE,MA,41.7993,-69.9956
WINN,LA,31.9284,-92.6004
WEST FELICIANA,LA,30.8264,-91.3806
WEST CARROLL,LA,32.7942,-91.4671
WEBSTER,LA,32.7147,-93.3158
WASHINGTON,LA,30.8352,-90.0433
VERNON,LA,31.1122,-93.1867
VERMILION,LA,29.8404,-92.2937
UNION,LA,32.799,-92.3899
TERREBONNE,LA,29.4352,-90.8383
TANGIPAHOA,LA,30.6427,-90.4062
ST. TAMMANY,LA,30.4367,-89.9641
ST. MARY,LA,29.7168,-91.3717
ST. MARTIN,LA,30.2651,-91.78
ST. LANDRY,LA,30.5748,-91.9828
ST. JAMES,LA,30.0233,-90.8217
ST. HELENA,LA,30.8246,-90.7047
ST. CHARLES,LA,29.8864,-90.3903
ST. BERNARD,LA,29.8537,-89.6315
SABINE,LA,31.5062,-93.4781
RICHLAND,LA,32.4099,-91.734
RED RIVER,LA,32.062,-93.319
RAPIDES,LA,31.2026,-92.5312
POINTE COUPEE,LA,30.7518,-91.6754
OUACHITA,LA,32.4909,-92.1743
ORLEANS,LA,30.0207,-89.9829
NATCHITOCHES,LA,31.7492,-93.205
MOREHOUSE,LA,32.7574,-91.8294
MADISON,LA,32.3776,-91.2339
LINCOLN,LA,32.6067,-92.6415
LASALLE,LA,31.626,-92.1804
LAFOURCHE,LA,29.5039,-90.3832
LAFAYETTE,LA,30.2094,-92.1134
JEFFRSON DAVIS,LA,,
JEFFERSON,LA,29.758,-90.1332
JACKSON,LA,32.3213,-92.5438
IBERIA,LA,29.923,-91.8138
FRANKLIN,LA,32.1393,-91.7
EVANGELINE,LA,30.741,-92.3853
EAST CARROLL,LA,32.7715,-91.2515
E. BATON ROUGE,LA,,
DE SOTO,LA,32.0954,-93.7859
CONCORDIA,LA,31.3672,-91.703
CLAIBORNE,LA,32.8018,-92.9816
CAMERON,LA,29.819,-93.2298
CALDWELL,LA,32.1025,-92.092
CALCASIEU,LA,30.2641,-93.3691
CADDO,LA,32.6083,-93.9011
BIENVILLE,LA,32.3661,-93.0878
BEAUREGARD,LA,30.6436,-93.3292
AVOYELLES,LA,31.0964,-91.9696
ASSUMPTION,LA,29.8531,-91.0545
ASCENSION,LA,30.2049,-90.892
ALLEN,LA,30.6655,-92.7883
ACADIA,LA,30.2656,-92.4008
WOODFORD,KY,38.0212,-84.7437
WHITLEY,KY,36.7804,-84.1636
WAYNE,KY,36.8007,-84.8154
WARREN,KY,36.9834,-86.4059
UNION,KY,37.6855,-87.9466
TRIGG,KY,36.8204,-87.9047
TAYLOR,KY,37.338,-85.3025
SIMPSON,KY,36.7631,-86.5716
SHELBY,KY,38.1963,-85.2104
SCOTT,KY,38.3021,-84.5863
RUSSELL,KY,37.0073,-85.0286
ROWAN,KY,38.207,-83.4425
ROCKCASTLE,KY,37.3462,-84.3152
PULASKI,KY,37.1116,-84.5965
PIKE,KY,37.471,-82.3248
PERRY,KY,37.2181,-83.1793
OLDHAM,KY,38.4048,-85.4772
OHIO,KY,37.4755,-86.8745
NELSON,KY,37.7582,-85.5289
MUHLENBERG,KY,37.2285,-87.1373
MORGAN,KY,37.9136,-83.2228
MONTGOMERY,KY,38.0463,-83.92
MONROE,KY,36.7285,-85.7189
MERCER,KY,37.8246,-84.8676
MC CRACKEN,KY,37.0851,-88.7237
MASON,KY,38.6145,-83.8041
MARSHALL,KY,36.9053,-88.3329
MARION,KY,37.5778,-85.2723
MADISON,KY,37.7168,-84.291
LOGAN,KY,36.8586,-86.8644
LIVINGSTON,KY,37.2032,-88.3267
LINCOLN,KY,37.4428,-84.6585
LETCHER,KY,37.1142,-82.8932
LESLIE,KY,37.1023,-83.3517
LAWRENCE,KY,38.0749,-82.7514
LAUREL,KY,37.1377,-84.1151
KNOX,KY,36.8716,-83.8549
KENTON,KY,38.9462,-84.535
JOHNSON,KY,37.8526,-82.8331
JEFFERSON,KY,38.1944,-85.6526
HOPKINS,KY,37.3381,-87.5846
HENDERSON,KY,37.8072,-87.5774
HART,KY,37.2995,-85.9087
HARRISON,KY,38.4301,-84.3284
HARLAN,KY,36.844,-83.2797
HARDIN,KY,37.726,-85.94
GREEN,KY,37.2912,-85.5544
GRAYSON,KY,37.4721,-86.3497
GRAVES,KY,36.7244,-88.6522
GRANT,KY,38.6403,-84.6381
FRANKLIN,KY,38.2397,-84.8667
FLOYD,KY,37.5213,-82.7592
FLEMING,KY,38.3482,-83.6784
FAYETTE,KY,38.0282,-84.4715
ESTILL,KY,37.6982,-83.9308
DAVIESS,KY,37.7459,-87.0688
CUMBERLAND,KY,36.7784,-85.408
CRITTENDEN,KY,37.3369,-88.0854
CLINTON,KY,36.7537,-85.1245
CLAY,KY,37.1482,-83.7483
CLARK,KY,37.9696,-84.156
CHRISTIAN,KY,36.9104,-87.4781
CASEY,KY,37.3273,-84.9335
CARROLL,KY,38.6688,-85.1085
CAMPBELL,KY,38.962,-84.3659
CALLOWAY,KY,36.6237,-88.2703
CALDWELL,KY,37.1651,-87.8705
BRECKINRIDGE,KY,37.8123,-86.4205
BREATHITT,KY,37.5153,-83.3353
BOYLE,KY,37.6248,-84.8608
BOYD,KY,38.3696,-82.6985
BOURBON,KY,38.2195,-84.2238
BOONE,KY,38.9622,-84.721
BELL,KY,36.7691,-83.6441
BARREN,KY,36.9559,-85.9523
ALLEN,KY,36.7821,-86.2158
ADAIR,KY,37.1179,-85.3011
WYANDOTTE,KS,39.0949,-94.7579
WILSON,KS,37.5659,-95.7434
WICHITA,KS,38.4844,-101.3475
WASHINGTON,KS,39.7912,-97.0874
TREGO,KS,38.9139,-99.8731
THOMAS,KS,39.3506,-101.056
SUMNER,KS,37.2327,-97.4761
STEVENS,KS,37.1918,-101.3117
STANTON,KS,37.5694,-101.784
STAFFORD,KS,38.0428,-98.6929
SMITH,KS,39.7851,-98.7853
SHERMAN,KS,39.3527,-101.72
SHERIDAN,KS,39.3517,-100.4417
SHAWNEE,KS,39.0407,-95.724
SEWARD,KS,37.1844,-100.8516
SEDGWICK,KS,37.6926,-97.4802
SCOTT,KS,38.4893,-100.9072
SALINE,KS,38.7896,-97.6502
RUSSELL,KS,38.9163,-98.7621
RUSH,KS,38.5192,-99.3097
ROOKS,KS,39.3436,-99.3251
RILEY,KS,39.3056,-96.8015
RICE,KS,38.3404,-98.2024
REPUBLIC,KS,39.8302,-97.6509
RENO,KS,37.9486,-98.0871
RAWLINS,KS,39.7927,-101.0755
PRATT,KS,37.6507,-98.74
POTTAWATOMIE,KS,39.3466,-96.3539
PHILLIPS,KS,39.7853,-99.3468
PAWNEE,KS,38.1817,-99.2412
OTTAWA,KS,39.134,-97.6509
OSBORNE,KS,39.3506,-98.7681
NORTON,KS,39.7845,-99.9037
NESS,KS,38.4805,-99.9165
NEOSHO,KS,37.5657,-95.3067
NEMAHA,KS,39.7853,-96.0142
MORTON,KS,37.1923,-101.7989
MORRIS,KS,38.6985,-96.6403
MONTGOMERY,KS,37.1913,-95.7428
MITCHELL,KS,39.3898,-98.2098
MIAMI,KS,38.5598,-94.8386
MEADE,KS,37.2402,-100.3633
MCPHERSON,KS,38.3988,-97.6483
MARSHALL,KS,39.7854,-96.523
MARION,KS,38.3482,-97.1048
LYON,KS,38.4561,-96.1521
LOGAN,KS,38.9175,-101.1482
LINCOLN,KS,39.0557,-98.2068
LEAVENWORTH,KS,39.1929,-95.0405
LANE,KS,38.4745,-100.4666
LABETTE,KS,37.1903,-95.2979
KIOWA,KS,37.5618,-99.2855
KINGMAN,KS,37.5652,-98.1363
KEARNY,KS,38.0015,-101.3222
JOHNSON,KS,38.9038,-94.8319
JEWELL,KS,39.7907,-98.2187
JEFFERSON,KS,39.2278,-95.385
JACKSON,KS,39.4411,-95.8028
HODGEMAN,KS,38.1023,-99.8976
HASKELL,KS,37.5692,-100.8713
HARVEY,KS,38.0434,-97.4275
HARPER,KS,37.1909,-98.0755
HAMILTON,KS,38.0149,-101.793
GREENWOOD,KS,37.889,-96.2419
GREELEY,KS,38.4836,-101.8061
GRANT,KS,37.5692,-101.3083
GRAHAM,KS,39.3498,-99.883
GOVE,KS,38.9015,-100.4835
GEARY,KS,39.0482,-96.7322
FRANKLIN,KS,38.561,-95.2869
FORD,KS,37.6805,-99.8868
FINNEY,KS,38.0013,-100.8836
ELLSWORTH,KS,38.6895,-98.2026
ELLIS,KS,38.9163,-99.3172
EDWARDS,KS,37.9097,-99.2959
DOUGLAS,KS,38.8991,-95.2782
DICKINSON,KS,38.8729,-97.1495
DECATUR,KS,39.7845,-100.4603
CRAWFORD,KS,37.5054,-94.8526
COWLEY,KS,37.2332,-96.8375
COMANCHE,KS,37.1882,-99.2727
COFFEY,KS,38.2295,-95.7381
CLOUD,KS,39.469,-97.6492
CLAY,KS,39.35,-97.1652
CLARK,KS,37.2305,-99.8179
CHEYENNE,KS,39.7879,-101.7307
CHEROKEE,KS,37.1699,-94.8463
CHAUTAUQUA,KS,37.1503,-96.2448
BUTLER,KS,37.787,-96.8395
BROWN,KS,39.8201,-95.5642
BARTON,KS,38.4839,-98.7568
BARBER,KS,37.2356,-98.6754
ATCHISON,KS,39.5364,-95.3379
ANDERSON,KS,38.2169,-95.2968
ALLEN,KS,37.8864,-95.2995
WHITLEY,IN,41.1483,-85.5122
WHITE,IN,40.7372,-86.9234
WELLS,IN,40.7426,-85.2027
WAYNE,IN,39.8599,-85.0169
WASHINGTON,IN,38.6055,-86.097
WARRICK,IN,38.062,-87.2847
WARREN,IN,40.3028,-87.3887
WABASH,IN,40.8493,-85.7919
VIGO,IN,39.435,-87.3855
VERMILLION,IN,39.8784,-87.4557
VANDERBURGH,IN,37.9993,-87.5741
TIPTON,IN,40.3095,-86.0521
TIPPECANOE,IN,40.3925,-86.8937
SULLIVAN,IN,39.0809,-87.4202
STEUBEN,IN,41.6431,-85.0003
STARKE,IN,41.298,-86.6191
ST. JOSEPH,IN,41.5981,-86.2736
SHELBY,IN,39.5242,-85.7912
SCOTT,IN,38.6962,-85.7482
RUSH,IN,39.6214,-85.4664
RANDOLPH,IN,40.1599,-85.0115
PUTNAM,IN,39.6666,-86.8498
PULASKI,IN,41.041,-86.6992
PORTER,IN,41.4674,-87.0746
PERRY,IN,38.0538,-86.6108
ORANGE,IN,38.5438,-86.4952
NOBLE,IN,41.402,-85.4233
MORGAN,IN,39.4884,-86.4692
MONTGOMERY,IN,40.0431,-86.894
MONROE,IN,39.1741,-86.5267
MIAMI,IN,40.7805,-86.0549
MARSHALL,IN,41.3315,-86.2622
MARION,IN,39.7798,-86.1394
MADISON,IN,40.1589,-85.7193
LAWRENCE,IN,38.8406,-86.48
LAKE,IN,41.438,-87.3727
LAGRANGE,IN,41.6374,-85.426
LA PORTE,IN,41.506,-86.7274
KOSCIUSKO,IN,41.2387,-85.8534
KNOX,IN,38.662,-87.4295
JOHNSON,IN,39.4828,-86.1012
JENNINGS,IN,39.0071,-85.621
JEFFERSON,IN,38.7525,-85.4432
JAY,IN,40.4373,-85.0053
JASPER,IN,41.0105,-87.1034
JACKSON,IN,38.8901,-86.0369
HUNTINGTON,IN,40.8297,-85.4885
HOWARD,IN,40.4698,-86.1192
HENRY,IN,39.9332,-85.3884
HENDRICKS,IN,39.7622,-86.5068
HARRISON,IN,38.1907,-86.1341
HANCOCK,IN,39.8222,-85.775
HAMILTON,IN,40.0846,-86.0524
GREENE,IN,39.0348,-86.9615
GRANT,IN,40.5179,-85.655
GIBSON,IN,38.3499,-87.5678
FULTON,IN,41.041,-86.2066
FRANKLIN,IN,39.3971,-85.0571
FLOYD,IN,38.2987,-85.8932
ELKHART,IN,41.5984,-85.8585
DUBOIS,IN,38.3651,-86.8769
DELAWARE,IN,40.2284,-85.3965
DECATUR,IN,39.2866,-85.4915
DEARBORN,IN,39.1215,-84.9602
DE KALB,IN,41.4015,-84.9986
DAVIESS,IN,38.6977,-87.0972
CLINTON,IN,40.3086,-86.4691
CLAY,IN,39.3825,-87.091
CLARK,IN,38.4373,-85.8012
CASS,IN,40.7369,-86.3737
BOONE,IN,40.0509,-86.4686
BLACKFORD,IN,40.4729,-85.3261
BARTHOLOMEW,IN,39.1949,-85.8843
ALLEN,IN,41.0968,-85.0703
ADAMS,IN,40.7462,-84.9366
WOODFORD,IL,40.7626,-89.2427
WINNEBAGO,IL,42.3251,-89.1691
WILLIAMSON,IL,37.7281,-88.9297
WILL,IL,41.4662,-87.8889
WHITESIDE,IL,41.7565,-89.9385
WAYNE,IL,38.4333,-88.4237
WASHINGTON,IL,38.3664,-89.4248
WARREN,IL,40.8489,-90.6152
WABASH,IL,38.4039,-87.8596
VERMILION,IL,40.1783,-87.7363
UNION,IL,37.4654,-89.2571
TAZEWELL,IL,40.5355,-89.5459
STEPHENSON,IL,42.3498,-89.6607
ST. CLAIR,IL,38.439,-89.9328
SHELBY,IL,39.4274,-88.7479
SCHUYLER,IL,40.1317,-90.6279
SANGAMON,IL,39.7498,-89.7053
SALINE,IL,37.754,-88.5405
ROCK ISLAND,IL,41.5548,-90.3036
RICHLAND,IL,38.7098,-88.0966
RANDOLPH,IL,38.0133,-89.8253
PIKE,IL,39.6204,-90.9168
PIATT,IL,40.0383,-88.6044
PERRY,IL,38.0848,-89.356
PEORIA,IL,40.7421,-89.7691
OGLE,IL,42.046,-89.3137
MORGAN,IL,39.7065,-90.1763
MONTGOMERY,IL,39.2602,-89.4209
MERCER,IL,41.1981,-90.7508
MC LEAN,IL,40.5209,-88.8633
MC HENRY,IL,42.3249,-88.4523
MC DONOUGH,IL,40.4649,-90.6775
MASSAC,IL,37.2023,-88.6978
MASON,IL,40.2453,-89.8583
MARION,IL,38.6548,-88.9187
MADISON,IL,38.8281,-89.8552
MACOUPIN,IL,39.2597,-89.9251
MACON,IL,39.8618,-88.9818
LOGAN,IL,40.1187,-89.3736
LIVINGSTON,IL,40.8666,-88.5871
LEE,IL,41.7519,-89.2867
LAWRENCE,IL,38.709,-87.7143
LAKE,IL,42.3243,-88.0155
LA SALLE,IL,41.2787,-88.8759
KNOX,IL,40.9298,-90.2134
KANKAKEE,IL,41.1487,-87.8846
KANE,IL,41.9379,-88.4322
JO DAVIESS,IL,42.3507,-90.1821
JERSEY,IL,39.094,-90.3706
JEFFERSON,IL,38.3005,-88.9236
JACKSON,IL,37.759,-89.4099
IROQUOIS,IL,40.7483,-87.8255
HENRY,IL,41.3661,-90.1453
HARDIN,IL,37.5013,-88.2378
HANCOCK,IL,40.4172,-91.1408
HAMILTON,IL,38.0852,-88.5391
GRUNDY,IL,41.2873,-88.4183
GREENE,IL,39.322,-90.3808
FULTON,IL,40.4504,-90.1768
FRANKLIN,IL,37.9944,-88.9238
FORD,IL,40.6977,-88.1805
FAYETTE,IL,38.98,-89.0318
EFFINGHAM,IL,39.0658,-88.5834
EDGAR,IL,39.6827,-87.7497
DU PAGE,IL,41.8389,-88.091
DE WITT,IL,40.1762,-88.9037
DE KALB,IL,41.8825,-88.7714
CRAWFORD,IL,39.016,-87.7586
COOK,IL,41.8129,-87.7536
COLES,IL,39.5297,-88.2167
CLINTON,IL,38.5805,-89.4237
CLAY,IL,38.7567,-88.4773
CHRISTIAN,IL,39.5865,-89.2797
CHAMPAIGN,IL,40.1363,-88.2017
BUREAU,IL,41.3661,-89.5108
BOND,IL,38.8833,-89.4467
ADAMS,IL,39.9788,-91.1866
WASHINGTON,ID,44.4975,-116.8616
VALLEY,ID,44.6858,-115.6567
TWIN FALLS,ID,42.4569,-114.5536
TETON,ID,43.7265,-111.2233
SHOSHONE,ID,47.5044,-116.0148
POWER,ID,42.7221,-112.8182
ONEIDA,ID,42.2508,-112.5436
NEZ PERCE,ID,46.2443,-116.8216
MINIDOKA,ID,42.857,-113.5635
MADISON,ID,43.7859,-111.6916
LEMHI,ID,44.9728,-114.0904
LATAH,ID,46.8386,-116.6846
KOOTENAI,ID,47.6775,-116.6828
JEROME,ID,42.672,-114.2745
IDAHO,ID,45.8945,-115.5619
GOODING,ID,42.9221,-114.8406
GEM,ID,44.1559,-116.286
FRANKLIN,ID,42.2148,-111.8462
ELMORE,ID,43.4545,-115.5288
CLEARWATER,ID,46.5961,-115.6489
CASSIA,ID,42.3415,-113.6441
CARIBOU,ID,42.7202,-111.5787
CANYON,ID,43.5865,-116.6532
BUTTE,ID,43.7614,-113.0807
BOUNDARY,ID,48.7983,-116.4171
BONNEVILLE,ID,43.3324,-111.4337
BONNER,ID,48.3729,-116.5425
BLAINE,ID,43.3095,-113.8783
BINGHAM,ID,43.2471,-112.2977
BENEWAH,ID,47.2169,-116.6847
BEAR LAKE,ID,42.3017,-111.3162
BANNOCK,ID,42.6408,-112.163
ADA,ID,43.4673,-116.224
WRIGHT,IA,42.7343,-93.7351
WOODBURY,IA,42.3866,-96.0407
WINNESHIEK,IA,43.2932,-91.8426
WEBSTER,IA,42.4344,-94.1647
WAYNE,IA,40.7372,-93.327
WASHINGTON,IA,41.3304,-91.7158
WAPELLO,IA,41.0308,-92.4096
VAN BUREN,IA,40.7517,-91.9485
UNION,IA,41.0298,-94.2429
STORY,IA,42.037,-93.4652
SIOUX,IA,43.0847,-96.1572
SHELBY,IA,41.6806,-95.3254
SCOTT,IA,41.6065,-90.62
SAC,IA,42.3887,-95.0899
RINGGOLD,IA,40.7361,-94.2434
POWESHIEK,IA,41.6853,-92.5332
POTTAWATTAMIE,IA,41.3347,-95.5518
POLK,IA,41.6673,-93.5815
POCAHONTAS,IA,42.7329,-94.6786
PLYMOUTH,IA,42.7356,-96.2455
PALO ALTO,IA,43.0818,-94.6781
PAGE,IA,40.7362,-95.1569
OSCEOLA,IA,43.3805,-95.624
OBRIEN,IA,43.0766,-95.6242
MUSCATINE,IA,41.47,-91.0769
MONTGOMERY,IA,41.0305,-95.1562
MONROE,IA,41.0265,-92.8691
MONONA,IA,42.0396,-95.9525
MITCHELL,IA,43.3501,-92.7891
MARSHALL,IA,42.0363,-92.9991
MARION,IA,41.3353,-93.0995
MAHASKA,IA,41.3323,-92.6409
MADISON,IA,41.3347,-94.0158
LYON,IA,43.3789,-96.1922
LUCAS,IA,41.0271,-93.3276
LINN,IA,42.0798,-91.5998
LEE,IA,40.5953,-91.5386
KOSSUTH,IA,43.2073,-94.2065
KEOKUK,IA,41.3368,-92.1791
JONES,IA,42.1213,-91.1314
JOHNSON,IA,41.645,-91.5998
JEFFERSON,IA,41.036,-91.9487
JASPER,IA,41.6847,-93.0574
JACKSON,IA,42.2091,-90.6306
IOWA,IA,41.6805,-92.067
IDA,IA,42.3883,-95.4964
HUMBOLDT,IA,42.7806,-94.2073
HOWARD,IA,43.3561,-92.3172
HENRY,IA,40.9933,-91.5447
HARRISON,IA,41.6861,-95.84
HARDIN,IA,42.376,-93.2326
HANCOCK,IA,43.0894,-93.7341
HAMILTON,IA,42.3873,-93.6974
GUTHRIE,IA,41.6815,-94.5123
GRUNDY,IA,42.3803,-92.7681
GREENE,IA,42.0384,-94.397
FREMONT,IA,40.7414,-95.6361
FRANKLIN,IA,42.7302,-93.2624
FLOYD,IA,43.0597,-92.7887
FAYETTE,IA,42.8639,-91.8442
EMMET,IA,43.3757,-94.6784
DUBUQUE,IA,42.485,-90.8953
DICKINSON,IA,43.3759,-95.1509
DES MOINES,IA,40.885,-91.1962
DELAWARE,IA,42.471,-91.3709
DECATUR,IA,40.7401,-93.786
DAVIS,IA,40.7369,-92.4085
DALLAS,IA,41.6806,-94.0474
CRAWFORD,IA,42.0372,-95.3818
CLINTON,IA,41.8816,-90.5324
CLAYTON,IA,42.8621,-91.3526
CLAY,IA,43.0784,-95.1509
CLARKE,IA,41.0282,-93.7857
CHICKASAW,IA,43.0488,-92.3177
CHEROKEE,IA,42.742,-95.6238
CERRO GORDO,IA,43.0793,-93.2608
CASS,IA,41.335,-94.9277
CARROLL,IA,42.0384,-94.8606
CALHOUN,IA,42.3806,-94.6272
BUENA VISTA,IA,42.7359,-95.1507
BUCHANAN,IA,42.4728,-91.845
BREMER,IA,42.7701,-92.3182
BOONE,IA,42.037,-93.9317
BLACK HAWK,IA,42.4762,-92.318
BENTON,IA,42.0802,-92.067
AUDUBON,IA,41.6815,-94.9186
APPANOOSE,IA,40.743,-92.868
ALLAMAKEE,IA,43.2887,-91.3442
ADAMS,IA,41.0282,-94.6995
ADAIR,IA,41.3297,-94.4707
MAUI,HI,20.8031,-156.3111
KAUAI,HI,22.0505,-159.559
HONOLULU,HI,21.484,-158.0381
HAWAII,HI,19.591,-155.4494
GUAM,GU,13.373,144.705
WORTH,GA,31.5845,-83.8333
WILKES,GA,33.7943,-82.7783
WHITFIELD,GA,34.802,-84.9888
WAYNE,GA,31.5786,-81.9153
WASHINGTON,GA,32.9975,-82.7988
WARE,GA,31.0216,-82.3674
WALTON,GA,33.7621,-83.7467
UPSON,GA,32.847,-84.2938
UNION,GA,34.8145,-83.9604
TROUP,GA,33.0462,-85.0417
TOWNS,GA,34.8916,-83.7245
TOOMBS,GA,32.1275,-82.3265
TIFT,GA,31.4588,-83.5179
THOMAS,GA,30.8684,-83.9073
TATTNALL,GA,32.0537,-82.0532
SUMTER,GA,32.0502,-84.2061
STEPHENS,GA,34.5742,-83.2794
SPALDING,GA,33.2657,-84.27
SEMINOLE,GA,30.8925,-84.8506
SCREVEN,GA,32.7678,-81.6249
ROCKDALE,GA,33.6557,-84.012
RICHMOND,GA,33.3856,-82.0915
RABUN,GA,34.8585,-83.4531
PUTNAM,GA,33.3256,-83.3438
PULASKI,GA,32.2541,-83.4876
POLK,GA,33.9981,-85.1824
PICKENS,GA,34.4696,-84.4869
PEACH,GA,32.5654,-83.8325
PAULDING,GA,33.9259,-84.8869
NEWTON,GA,33.5555,-83.8413
MUSCOGEE,GA,32.4916,-84.8638
MURRAY,GA,34.786,-84.7429
MORGAN,GA,33.6264,-83.5086
MONROE,GA,33.0262,-83.8828
MITCHELL,GA,31.2606,-84.1797
MILLER,GA,31.1629,-84.7302
MERIWETHER,GA,33.039,-84.6999
MC DUFFIE,GA,33.4859,-82.496
LUMPKIN,GA,34.5765,-84.0269
LOWNDES,GA,30.8282,-83.2435
LIBERTY,GA,31.8255,-81.5252
LAURENS,GA,32.4323,-82.9229
LANIER,GA,31.0139,-83.0752
JENKINS,GA,32.7878,-81.9779
JEFFERSON,GA,33.0376,-82.4451
JEFF DAVIS,GA,31.8214,-82.666
JASPER,GA,33.3294,-83.6903
IRWIN,GA,31.6216,-83.2681
HOUSTON,GA,32.4877,-83.6449
HENRY,GA,33.4724,-84.1195
HARALSON,GA,33.7836,-85.2066
HALL,GA,34.3063,-83.7851
HABERSHAM,GA,34.6308,-83.5159
GWINNETT,GA,33.9601,-84.0453
GREENE,GA,33.5582,-83.1539
GRADY,GA,30.8775,-84.2288
GORDON,GA,34.5244,-84.8721
GLYNN,GA,31.2334,-81.5432
FULTON,GA,33.845,-84.4039
FRANKLIN,GA,34.3836,-83.2429
FORSYTH,GA,34.193,-84.1509
FLOYD,GA,34.335,-85.194
FAYETTE,GA,33.4038,-84.5001
FANNIN,GA,34.7944,-84.1995
EVANS,GA,32.1637,-81.8891
EMANUEL,GA,32.5672,-82.3078
ELBERT,GA,34.1232,-82.8596
EFFINGHAM,GA,32.346,-81.3226
EARLY,GA,31.2959,-84.8656
DOUGLAS,GA,33.69,-84.7665
DOUGHERTY,GA,31.5429,-84.2219
DOOLY,GA,32.1604,-83.8203
DODGE,GA,32.1735,-83.1512
DECATUR,GA,30.8823,-84.5722
DE KALB,GA,33.7931,-84.22
CRISP,GA,31.9167,-83.7665
COWETA,GA,33.3514,-84.7798
COOK,GA,31.1889,-83.4296
COLQUITT,GA,31.1805,-83.77
COFFEE,GA,31.5867,-82.8437
COBB,GA,33.9125,-84.585
CLINCH,GA,30.8844,-82.7311
CLAYTON,GA,33.5008,-84.352
CLARKE,GA,33.9437,-83.3976
CHEROKEE,GA,34.2442,-84.4561
CHATTAHOOCHEE,GA,32.378,-84.8
CHATHAM,GA,32.0419,-81.1414
CATOOSA,GA,34.8771,-85.1438
CARROLL,GA,33.6142,-85.1175
CANDLER,GA,32.4128,-82.0614
CAMDEN,GA,30.9392,-81.677
BUTTS,GA,33.3124,-83.948
BURKE,GA,33.0511,-81.9246
BULLOCH,GA,32.4037,-81.7281
BROOKS,GA,30.8589,-83.5455
BLECKLEY,GA,32.4283,-83.345
BIBB,GA,32.8066,-83.6856
BERRIEN,GA,31.251,-83.1933
BEN HILL,GA,31.7537,-83.1608
BARTOW,GA,34.2431,-84.8388
BARROW,GA,34.0119,-83.7101
BALDWIN,GA,33.0582,-83.2522
BACON,GA,31.5642,-82.446
APPLING,GA,31.7234,-82.3271
WASHINGTON,FL,30.6112,-85.672
WALTON,FL,30.6327,-86.1524
VOLUSIA,FL,29.0205,-81.1398
UNION,FL,30.0316,-82.3844
TAYLOR,FL,29.9856,-83.5757
ST. LUCIE,FL,27.3823,-80.4869
ST. JOHNS,FL,29.9382,-81.4423
SEMINOLE,FL,28.7457,-81.2396
SARASOTA,FL,27.1675,-82.2674
SANTA ROSA,FL,30.6713,-87.0296
PUTNAM,FL,29.6056,-81.8327
POLK,FL,28.0031,-81.7384
PINELLAS,FL,27.9341,-82.7715
PASCO,FL,28.3248,-82.3938
PALM BEACH,FL,26.6457,-80.4653
OSCEOLA,FL,27.9963,-81.1262
ORANGE,FL,28.5666,-81.2951
OKEECHOBEE,FL,27.3016,-80.8409
OKALOOSA,FL,30.6992,-86.5921
NASSAU,FL,30.5521,-81.8734
MONROE,FL,25.4621,-81.0211
MIAMI-DADE,FL,25.5592,-80.5906
MARTIN,FL,27.0829,-80.4238
MARION,FL,29.2407,-82.0227
MANATEE,FL,27.4274,-82.3328
MADISON,FL,30.4557,-83.4724
LEON,FL,30.4796,-84.2219
LEE,FL,26.5436,-81.7444
LAKE,FL,28.8116,-81.6866
JACKSON,FL,30.7828,-85.1769
INDIAN RIVER,FL,27.7062,-80.637
HOLMES,FL,30.8497,-85.8166
HILLSBOROUGH,FL,27.9097,-82.2405
HIGHLANDS,FL,27.3401,-81.3049
HERNANDO,FL,28.5644,-82.4065
HENDRY,FL,26.6046,-81.2253
HARDEE,FL,27.4929,-81.8094
GULF,FL,29.9344,-85.2103
GADSDEN,FL,30.5501,-84.6353
FRANKLIN,FL,29.8538,-84.8366
FLAGLER,FL,29.4662,-81.3097
ESCAMBIA,FL,30.6538,-87.3304
DUVAL,FL,30.3866,-81.7798
DE SOTO,FL,27.1854,-81.8097
COLUMBIA,FL,30.2096,-82.6264
COLLIER,FL,26.1608,-81.3445
CLAY,FL,29.9562,-81.8292
CITRUS,FL,28.8593,-82.4374
CHARLOTTE,FL,26.9023,-81.8292
CALHOUN,FL,30.4039,-85.2086
BROWARD,FL,26.1511,-80.4895
BREVARD,FL,28.3079,-80.7834
BAY,FL,30.2988,-85.5727
BAKER,FL,30.3606,-82.3149
ALACHUA,FL,29.6809,-82.3552
SUSSEX,DE,38.7069,-75.3935
NEW CASTLE,DE,39.5657,-75.6751
KENT,DE,39.0975,-75.5721
THE DISTRICT,DC,,
WINDHAM,CT,41.8325,-71.9791
TOLLAND,CT,41.8121,-72.3192
NEW LONDON,CT,41.4966,-71.9364
NEW HAVEN,CT,41.4087,-72.9095
MIDDLESEX,CT,41.4527,-72.5231
LITCHFIELD,CT,41.7615,-73.2599
HARTFORD,CT,41.7924,-72.744
FAIRFIELD,CT,41.3271,-73.3274
YUMA,CO,40.0165,-102.4226
WELD,CO,40.502,-104.5459
TELLER,CO,38.8999,-105.1784
SUMMIT,CO,39.6418,-106.0037
SEDGWICK,CO,40.8728,-102.3517
ROUTT,CO,40.4633,-107.0432
RIO GRANDE,CO,37.6147,-106.3753
RIO BLANCO,CO,39.9282,-108.1848
PUEBLO,CO,38.1295,-104.5533
PROWERS,CO,37.9638,-102.3926
PITKIN,CO,39.1721,-106.9304
PHILLIPS,CO,40.5979,-102.3585
OTERO,CO,37.9522,-103.7289
MORGAN,CO,40.2687,-103.8108
MONTROSE,CO,38.4125,-108.2803
MONTEZUMA,CO,37.3197,-108.6287
MOFFAT,CO,40.6098,-108.1812
MESA,CO,38.9347,-108.5839
LOGAN,CO,40.7182,-103.1125
LINCOLN,CO,39.0461,-103.442
LAS ANIMAS,CO,37.4062,-103.9173
LARIMER,CO,40.6291,-105.4465
LAKE,CO,39.2184,-106.3357
LA PLATA,CO,37.3197,-107.8468
KIT CARSON,CO,39.3162,-102.6018
KIOWA,CO,38.4377,-102.7755
JEFFERSON,CO,39.5234,-105.2388
HUERFANO,CO,37.655,-104.9059
GUNNISON,CO,38.7039,-106.9748
GRAND,CO,40.0863,-106.1362
GARFIELD,CO,39.7184,-107.5261
FREMONT,CO,38.4842,-105.4521
EL PASO,CO,38.8296,-104.5628
EAGLE,CO,39.6378,-106.6461
DOUGLAS,CO,39.3483,-104.9202
DENVER,CO,39.7644,-104.9549
DELTA,CO,38.9419,-107.804
CONEJOS,CO,37.1987,-106.1713
CHEYENNE,CO,38.8243,-102.6046
CHAFFEE,CO,38.7407,-106.1828
BROOMFIELD,CO,39.9663,-105.0363
BOULDER,CO,40.088,-105.3448
BACA,CO,37.3182,-102.5627
ARCHULETA,CO,37.2108,-107.0588
ARAPAHOE,CO,39.6519,-104.2834
ALAMOSA,CO,37.5466,-105.7781
ADAMS,CO,39.8701,-104.1631
YUBA,CA,39.2797,-121.4381
YOLO,CA,38.6202,-121.8556
VENTURA,CA,34.4736,-119.084
TUOLUMNE,CA,38.0348,-119.8851
TULARE,CA,36.2683,-118.8232
TRINITY,CA,40.6758,-123.1435
TEHAMA,CA,40.1258,-122.2124
SUTTER,CA,39.0209,-121.7078
STANISLAUS,CA,37.6113,-120.8765
SONOMA,CA,38.4826,-122.8587
SOLANO,CA,38.29,-121.9027
SISKIYOU,CA,41.5027,-122.5449
SHASTA,CA,40.7366,-122.0189
SANTA CRUZ,CA,37.0686,-122.0334
SANTA CLARA,CA,37.1901,-121.7207
SANTA BARBARA,CA,34.7446,-120.0357
SAN MATEO,CA,37.4084,-122.3109
SAN LUIS OBISPO,CA,35.3474,-120.336
SAN JOAQUIN,CA,37.8911,-121.2517
SAN FRANCISCO,CA,37.7591,-122.4461
SAN DIEGO,CA,33.0185,-116.6934
SAN BERNARDINO,CA,34.8464,-116.1156
SAN BENITO,CA,36.5945,-121.0306
SACRAMENTO,CA,38.3836,-121.2729
RIVERSIDE,CA,33.754,-116.0203
PLUMAS,CA,40.0231,-120.8054
PLACER,CA,39.0148,-120.7424
ORANGE,CA,33.6664,-117.7196
NEVADA,CA,39.2666,-121.01
NAPA,CA,38.5106,-122.3262
MONTEREY,CA,36.3564,-121.494
MONO,CA,38.0906,-119.0359
MODOC,CA,41.5924,-120.7237
MERCED,CA,37.1882,-120.609
MENDOCINO,CA,39.3833,-123.4391
MARIPOSA,CA,37.5466,-119.9593
MARIN,CA,38.0685,-122.7009
MADERA,CA,37.2724,-119.6358
LOS ANGELES,CA,34.2663,-118.1424
LASSEN,CA,40.4545,-120.6616
LAKE,CA,39.1258,-122.7929
KINGS,CA,36.1391,-119.7718
KERN,CA,35.3032,-118.7204
INYO,CA,36.6305,-117.5174
IMPERIAL,CA,33.0271,-115.3605
HUMBOLDT,CA,40.7376,-123.8951
GLENN,CA,39.5921,-122.4405
FRESNO,CA,36.7515,-119.6373
EL DORADO,CA,38.7852,-120.5254
DEL NORTE,CA,41.6916,-123.9049
CONTRA COSTA,CA,37.8886,-121.9129
COLUSA,CA,39.1694,-122.2067
CALAVERAS,CA,38.1718,-120.6567
BUTTE,CA,39.7252,-121.5788
AMADOR,CA,38.4637,-120.7334
ALAMEDA,CA,37.6798,-121.8648
YUMA,AZ,32.7539,-113.9364
YAVAPAI,AZ,34.7064,-112.4429
SANTA CRUZ,AZ,31.5332,-110.812
PINAL,AZ,32.9849,-111.4931
PIMA,AZ,31.9681,-111.7806
NAVAJO,AZ,35.3134,-110.2972
MOHAVE,AZ,35.6177,-113.9958
MARICOPA,AZ,33.2798,-112.7681
LAPAZ,AZ,33.6724,-113.9329
GILA,AZ,33.7446,-110.685
COCONINO,AZ,35.6465,-112.0424
COCHISE,AZ,31.8901,-109.7497
APACHE,AZ,35.3025,-109.4451
EASTERN DISTRICT,AS,,
YELL,AR,35.0309,-93.4052
WHITE,AR,35.2732,-91.7628
WASHINGTON,AR,35.9952,-94.2401
VAN BUREN,AR,35.5767,-92.5285
UNION,AR,33.1979,-92.5813
STONE,AR,35.9192,-92.2199
ST. FRANCIS,AR,35.0082,-90.7238
SEBASTIAN,AR,35.1908,-94.2342
SCOTT,AR,34.8835,-94.0785
SALINE,AR,34.6353,-92.6621
RANDOLPH,AR,36.3067,-91.005
PULASKI,AR,34.7548,-92.3139
POPE,AR,35.4305,-93.0741
POLK,AR,34.4578,-94.1985
PHILLIPS,AR,34.3824,-90.8232
OUACHITA,AR,33.5896,-92.9107
MISSISSIPPI,AR,35.6977,-90.1216
LOGAN,AR,35.2226,-93.6541
LITTLE RIVER,AR,33.7397,-94.2264
LAWRENCE,AR,36.0701,-91.0867
JOHNSON,AR,35.5483,-93.4628
JEFFERSON,AR,34.2766,-91.9612
INDEPENDENCE,AR,35.735,-91.5822
HOWARD,AR,34.0525,-93.9546
HOT SPRING,AR,34.3241,-93.0135
HEMPSTEAD,AR,33.7433,-93.7147
GREENE,AR,36.1166,-90.5266
GARLAND,AR,34.5809,-93.1061
FULTON,AR,36.3698,-91.8038
FRANKLIN,AR,35.4872,-93.8748
FAULKNER,AR,35.1076,-92.3337
DREW,AR,33.5851,-91.7146
DESHA,AR,33.8197,-91.3035
DALLAS,AR,33.976,-92.7174
CROSS,AR,35.3175,-90.7719
CRITTENDEN,AR,35.1383,-90.2329
CRAWFORD,AR,35.5652,-94.242
CRAIGHEAD,AR,35.8474,-90.6602
CONWAY,AR,35.2674,-92.6763
COLUMBIA,AR,33.2362,-93.2328
CLEBURNE,AR,35.536,-92.0212
CLAY,AR,36.3498,-90.4135
CLARK,AR,34.056,-93.1614
CHICOT,AR,33.2843,-91.295
CARROLL,AR,36.3108,-93.5564
BRADLEY,AR,33.4342,-92.1667
BOONE,AR,36.303,-93.0935
BENTON,AR,36.2992,-94.2275
BAXTER,AR,36.233,-92.3172
ASHLEY,AR,33.2027,-91.7957
ARKANSAS,AR,34.2533,-91.3876
WINSTON,AL,34.151,-87.3736
WILCOX,AL,32.0483,-87.4009
WASHINGTON,AL,31.4071,-88.1879
WALKER,AL,33.7599,-87.2766
TUSCALOOSA,AL,33.3076,-87.5001
TALLAPOOSA,AL,32.8004,-85.7978
TALLADEGA,AL,33.402,-86.1457
SUMTER,AL,32.6525,-88.2171
ST. CLAIR,AL,33.6907,-86.3647
SHELBY,AL,33.2829,-86.6796
RUSSELL,AL,32.2863,-85.1791
RANDOLPH,AL,33.3006,-85.4599
PIKE,AL,31.8394,-85.9279
MORGAN,AL,34.4947,-86.834
MONTGOMERY,AL,32.2329,-86.2039
MONROE,AL,31.5303,-87.3817
MOBILE,AL,30.7466,-88.2172
MARSHALL,AL,34.3531,-86.3454
MARION,AL,34.1214,-87.918
MARENGO,AL,32.269,-87.7608
MADISON,AL,34.7333,-86.5722
LIMESTONE,AL,34.7752,-87.0313
LEE,AL,32.5787,-85.3621
LAWRENCE,AL,34.5516,-87.3181
LAUDERDALE,AL,34.87,-87.5844
JEFFERSON,AL,33.5455,-86.8602
JACKSON,AL,34.7224,-86.0339
HOUSTON,AL,31.1562,-85.2809
HALE,AL,32.7441,-87.6382
GREENE,AL,32.8362,-88.0005
GENEVA,AL,31.0954,-85.839
FRANKLIN,AL,34.4509,-87.844
FAYETTE,AL,33.7201,-87.7385
ETOWAH,AL,34.0211,-86.0433
ESCAMBIA,AL,31.1268,-87.158
ELMORE,AL,32.5877,-86.1519
DE KALB,AL,34.5306,-85.7226
DALLAS,AL,32.3888,-87.1278
DALE,AL,31.4079,-85.6038
CULLMAN,AL,34.0862,-86.9042
CRENSHAW,AL,31.7415,-86.2967
COVINGTON,AL,31.2565,-86.4472
CONECUH,AL,31.4682,-86.9508
COLBERT,AL,34.7368,-87.5953
COFFEE,AL,31.399,-85.993
CLAY,AL,33.2947,-85.8155
CLARKE,AL,31.5888,-87.8145
CHOCTAW,AL,32.0048,-88.286
CHILTON,AL,32.8658,-86.665
CHEROKEE,AL,34.2345,-85.6478
CHAMBERS,AL,32.9225,-85.3942
CALHOUN,AL,33.7625,-85.8417
BUTLER,AL,31.7404,-86.6759
BULLOCK,AL,32.0945,-85.7131
BLOUNT,AL,34.0126,-86.5339
BIBB,AL,33.0388,-87.0967
BARBOUR,AL,31.8832,-85.3931
BALDWIN,AL,30.7725,-87.7842
AUTAUGA,AL,32.5081,-86.6513
WRANGELL CITY AND BOROUGH,AK,56.2747,-131.4735
VALDEZ-CORDOVA,AK,61.5933,-143.9714
SITKA BOROUGH,AK,56.8688,-135.0895
PETERSBURG BOROUGH,AK,57.0658,-132.5147
NORTHWEST ARTIC BOROUGH,AK,,
NORTH SLOPE BOROUH,AK,,
NOME,AK,64.8563,-163.8418
MATANUSKA-SUSITNA,AK,62.3637,-149.7135
KODIAK ISLAND BOROUGH,AK,57.377,-153.1926
KETCHIKAN GATEWAY,AK,55.5925,-130.4203
KENAI PENINSULA,AK,60.1107,-150.509
JUNEAU,AK,58.3893,-134.411
FAIRBANKS NORTH STAR,AK,64.8624,-146.3565
DILLINGHAM,AK,59.7435,-158.1036
BETHEL,AK,60.4765,-160.8218
ANCHORAGE,AK,61.1094,-149.2032
