"","ID","PredictedGENRE"
"1",1,"Classical"
"2",2,"Rock"
"3",3,"Blues"
"4",4,"Jazz"
"5",5,"Jazz"
"6",6,"Classical"
"7",7,"Classical"
"8",8,"Jazz"
"9",9,"Rock"
"10",10,"Jazz"
"11",11,"Pop"
"12",12,"Blues"
"13",13,"Pop"
"14",14,"Classical"
"15",15,"Pop"
"16",16,"Classical"
"17",17,"Pop"
"18",18,"Rock"
"19",19,"Blues"
"20",20,"Rock"
"21",21,"Jazz"
"22",22,"Pop"
"23",23,"Rock"
"24",24,"Jazz"
"25",25,"Jazz"
"26",26,"Blues"
"27",27,"Classical"
"28",28,"Classical"
"29",29,"Rock"
"30",30,"Rock"
"31",31,"Rock"
"32",32,"Classical"
"33",33,"Classical"
"34",34,"Pop"
"35",35,"Blues"
"36",36,"Classical"
"37",37,"Classical"
"38",38,"Classical"
"39",39,"Rock"
"40",40,"Blues"
"41",41,"Rock"
"42",42,"Blues"
"43",43,"Jazz"
"44",44,"Pop"
"45",45,"Blues"
"46",46,"Metal"
"47",47,"Classical"
"48",48,"Classical"
"49",49,"Blues"
"50",50,"Jazz"
"51",51,"Classical"
"52",52,"Blues"
"53",53,"Jazz"
"54",54,"Jazz"
"55",55,"Pop"
"56",56,"Classical"
"57",57,"Jazz"
"58",58,"Blues"
"59",59,"Pop"
"60",60,"Jazz"
"61",61,"Blues"
"62",62,"Classical"
"63",63,"Classical"
"64",64,"Blues"
"65",65,"Jazz"
"66",66,"Rock"
"67",67,"Rock"
"68",68,"Rock"
"69",69,"Jazz"
"70",70,"Jazz"
"71",71,"Jazz"
"72",72,"Metal"
"73",73,"Rock"
"74",74,"Jazz"
"75",75,"Classical"
"76",76,"Blues"
"77",77,"Jazz"
"78",78,"Pop"
"79",79,"Classical"
"80",80,"Rock"
"81",81,"Classical"
"82",82,"Blues"
"83",83,"Classical"
"84",84,"Pop"
"85",85,"Classical"
"86",86,"Pop"
"87",87,"Classical"
"88",88,"Blues"
"89",89,"Classical"
"90",90,"Jazz"
"91",91,"Jazz"
"92",92,"Jazz"
"93",93,"Rock"
"94",94,"Pop"
"95",95,"Classical"
"96",96,"Jazz"
"97",97,"Jazz"
"98",98,"Jazz"
"99",99,"Classical"
"100",100,"Classical"
"101",101,"Jazz"
"102",102,"Pop"
"103",103,"Jazz"
"104",104,"Jazz"
"105",105,"Classical"
"106",106,"Jazz"
"107",107,"Classical"
"108",108,"Classical"
"109",109,"Rock"
"110",110,"Classical"
"111",111,"Rock"
"112",112,"Classical"
"113",113,"Pop"
"114",114,"Blues"
"115",115,"Rock"
"116",116,"Rock"
"117",117,"Jazz"
"118",118,"Classical"
"119",119,"Classical"
"120",120,"Pop"
"121",121,"Rock"
"122",122,"Rock"
"123",123,"Rock"
"124",124,"Classical"
"125",125,"Blues"
"126",126,"Classical"
"127",127,"Jazz"
"128",128,"Jazz"
"129",129,"Blues"
"130",130,"Jazz"
"131",131,"Pop"
"132",132,"Classical"
"133",133,"Jazz"
"134",134,"Metal"
"135",135,"Rock"
"136",136,"Blues"
"137",137,"Blues"
"138",138,"Pop"
"139",139,"Blues"
"140",140,"Pop"
"141",141,"Jazz"
"142",142,"Blues"
"143",143,"Blues"
"144",144,"Pop"
"145",145,"Jazz"
"146",146,"Blues"
"147",147,"Rock"
"148",148,"Jazz"
"149",149,"Classical"
"150",150,"Blues"
"151",151,"Pop"
"152",152,"Blues"
"153",153,"Jazz"
"154",154,"Jazz"
"155",155,"Classical"
"156",156,"Jazz"
"157",157,"Classical"
"158",158,"Blues"
"159",159,"Classical"
"160",160,"Pop"
"161",161,"Metal"
"162",162,"Jazz"
"163",163,"Classical"
"164",164,"Blues"
"165",165,"Rock"
"166",166,"Blues"
"167",167,"Blues"
"168",168,"Rock"
"169",169,"Classical"
"170",170,"Classical"
"171",171,"Classical"
"172",172,"Pop"
"173",173,"Jazz"
"174",174,"Classical"
"175",175,"Jazz"
"176",176,"Rock"
"177",177,"Classical"
"178",178,"Classical"
"179",179,"Jazz"
"180",180,"Rock"
"181",181,"Jazz"
"182",182,"Classical"
"183",183,"Classical"
"184",184,"Classical"
"185",185,"Pop"
"186",186,"Pop"
"187",187,"Classical"
"188",188,"Rock"
"189",189,"Classical"
"190",190,"Pop"
"191",191,"Jazz"
"192",192,"Classical"
"193",193,"Jazz"
"194",194,"Classical"
"195",195,"Classical"
"196",196,"Jazz"
"197",197,"Jazz"
"198",198,"Jazz"
"199",199,"Classical"
"200",200,"Rock"
"201",201,"Classical"
"202",202,"Rock"
"203",203,"Blues"
"204",204,"Metal"
"205",205,"Classical"
"206",206,"Classical"
"207",207,"Jazz"
"208",208,"Pop"
"209",209,"Classical"
"210",210,"Jazz"
"211",211,"Blues"
"212",212,"Rock"
"213",213,"Classical"
"214",214,"Classical"
"215",215,"Jazz"
"216",216,"Pop"
"217",217,"Pop"
"218",218,"Classical"
"219",219,"Jazz"
"220",220,"Jazz"
"221",221,"Blues"
"222",222,"Metal"
"223",223,"Blues"
"224",224,"Blues"
"225",225,"Classical"
"226",226,"Classical"
"227",227,"Pop"
"228",228,"Jazz"
"229",229,"Metal"
"230",230,"Classical"
"231",231,"Blues"
"232",232,"Pop"
"233",233,"Jazz"
"234",234,"Rock"
"235",235,"Classical"
"236",236,"Classical"
"237",237,"Metal"
"238",238,"Jazz"
"239",239,"Classical"
"240",240,"Jazz"
"241",241,"Jazz"
"242",242,"Classical"
"243",243,"Jazz"
"244",244,"Metal"
"245",245,"Jazz"
"246",246,"Blues"
"247",247,"Pop"
"248",248,"Jazz"
"249",249,"Jazz"
"250",250,"Classical"
"251",251,"Jazz"
"252",252,"Jazz"
"253",253,"Pop"
"254",254,"Jazz"
"255",255,"Pop"
"256",256,"Jazz"
"257",257,"Classical"
"258",258,"Blues"
"259",259,"Pop"
"260",260,"Jazz"
"261",261,"Classical"
"262",262,"Rock"
"263",263,"Classical"
"264",264,"Jazz"
"265",265,"Classical"
"266",266,"Classical"
"267",267,"Blues"
"268",268,"Metal"
"269",269,"Classical"
"270",270,"Classical"
"271",271,"Classical"
"272",272,"Metal"
"273",273,"Jazz"
"274",274,"Rock"
"275",275,"Rock"
"276",276,"Jazz"
"277",277,"Pop"
"278",278,"Classical"
"279",279,"Classical"
"280",280,"Pop"
"281",281,"Jazz"
"282",282,"Classical"
"283",283,"Classical"
"284",284,"Jazz"
"285",285,"Classical"
"286",286,"Jazz"
"287",287,"Jazz"
"288",288,"Blues"
"289",289,"Pop"
"290",290,"Rock"
"291",291,"Blues"
"292",292,"Pop"
"293",293,"Rock"
"294",294,"Rock"
"295",295,"Pop"
"296",296,"Pop"
"297",297,"Jazz"
"298",298,"Classical"
"299",299,"Jazz"
"300",300,"Metal"
"301",301,"Pop"
"302",302,"Classical"
"303",303,"Classical"
"304",304,"Jazz"
"305",305,"Classical"
"306",306,"Classical"
"307",307,"Blues"
"308",308,"Blues"
"309",309,"Jazz"
"310",310,"Pop"
"311",311,"Classical"
"312",312,"Jazz"
"313",313,"Jazz"
"314",314,"Classical"
"315",315,"Pop"
"316",316,"Classical"
"317",317,"Rock"
"318",318,"Rock"
"319",319,"Pop"
"320",320,"Classical"
"321",321,"Jazz"
"322",322,"Pop"
"323",323,"Jazz"
"324",324,"Classical"
"325",325,"Classical"
"326",326,"Classical"
"327",327,"Jazz"
"328",328,"Jazz"
"329",329,"Jazz"
"330",330,"Blues"
"331",331,"Classical"
"332",332,"Rock"
"333",333,"Blues"
"334",334,"Classical"
"335",335,"Pop"
"336",336,"Blues"
"337",337,"Rock"
"338",338,"Jazz"
"339",339,"Classical"
"340",340,"Classical"
"341",341,"Blues"
"342",342,"Blues"
"343",343,"Rock"
"344",344,"Classical"
"345",345,"Pop"
"346",346,"Jazz"
"347",347,"Rock"
"348",348,"Rock"
"349",349,"Classical"
"350",350,"Metal"
"351",351,"Pop"
"352",352,"Classical"
"353",353,"Metal"
"354",354,"Classical"
"355",355,"Classical"
"356",356,"Metal"
"357",357,"Pop"
"358",358,"Classical"
"359",359,"Jazz"
"360",360,"Rock"
"361",361,"Blues"
"362",362,"Blues"
"363",363,"Classical"
"364",364,"Jazz"
"365",365,"Blues"
"366",366,"Jazz"
"367",367,"Pop"
"368",368,"Jazz"
"369",369,"Rock"
"370",370,"Classical"
"371",371,"Pop"
"372",372,"Jazz"
"373",373,"Pop"
"374",374,"Jazz"
"375",375,"Rock"
"376",376,"Jazz"
"377",377,"Blues"
"378",378,"Classical"
"379",379,"Jazz"
"380",380,"Jazz"
"381",381,"Blues"
"382",382,"Pop"
"383",383,"Classical"
"384",384,"Classical"
"385",385,"Classical"
"386",386,"Metal"
"387",387,"Metal"
"388",388,"Pop"
"389",389,"Pop"
"390",390,"Classical"
"391",391,"Blues"
"392",392,"Blues"
"393",393,"Metal"
"394",394,"Classical"
"395",395,"Metal"
"396",396,"Blues"
"397",397,"Rock"
"398",398,"Classical"
"399",399,"Metal"
"400",400,"Blues"
"401",401,"Rock"
"402",402,"Jazz"
"403",403,"Classical"
"404",404,"Classical"
"405",405,"Classical"
"406",406,"Pop"
"407",407,"Jazz"
"408",408,"Classical"
"409",409,"Classical"
"410",410,"Rock"
"411",411,"Rock"
"412",412,"Jazz"
"413",413,"Jazz"
"414",414,"Classical"
"415",415,"Jazz"
"416",416,"Jazz"
"417",417,"Blues"
"418",418,"Metal"
"419",419,"Blues"
"420",420,"Pop"
"421",421,"Blues"
"422",422,"Metal"
"423",423,"Classical"
"424",424,"Pop"
"425",425,"Rock"
"426",426,"Jazz"
"427",427,"Pop"
"428",428,"Classical"
"429",429,"Rock"
"430",430,"Metal"
"431",431,"Classical"
"432",432,"Blues"
"433",433,"Classical"
"434",434,"Jazz"
"435",435,"Jazz"
"436",436,"Rock"
"437",437,"Blues"
"438",438,"Jazz"
"439",439,"Rock"
"440",440,"Blues"
"441",441,"Jazz"
"442",442,"Rock"
"443",443,"Rock"
"444",444,"Pop"
"445",445,"Pop"
"446",446,"Jazz"
"447",447,"Pop"
"448",448,"Classical"
"449",449,"Jazz"
"450",450,"Rock"
"451",451,"Classical"
"452",452,"Blues"
"453",453,"Pop"
"454",454,"Jazz"
"455",455,"Jazz"
"456",456,"Classical"
"457",457,"Jazz"
"458",458,"Classical"
"459",459,"Jazz"
"460",460,"Metal"
"461",461,"Classical"
"462",462,"Metal"
"463",463,"Rock"
"464",464,"Rock"
"465",465,"Jazz"
"466",466,"Classical"
"467",467,"Classical"
"468",468,"Blues"
"469",469,"Jazz"
"470",470,"Metal"
"471",471,"Rock"
"472",472,"Rock"
"473",473,"Blues"
"474",474,"Blues"
"475",475,"Rock"
"476",476,"Blues"
"477",477,"Pop"
"478",478,"Classical"
"479",479,"Classical"
"480",480,"Jazz"
"481",481,"Metal"
"482",482,"Classical"
"483",483,"Rock"
"484",484,"Jazz"
"485",485,"Rock"
"486",486,"Rock"
"487",487,"Metal"
"488",488,"Classical"
"489",489,"Classical"
"490",490,"Pop"
"491",491,"Classical"
"492",492,"Rock"
"493",493,"Jazz"
"494",494,"Classical"
"495",495,"Rock"
"496",496,"Classical"
"497",497,"Classical"
"498",498,"Classical"
"499",499,"Classical"
"500",500,"Rock"
"501",501,"Classical"
"502",502,"Rock"
"503",503,"Classical"
"504",504,"Classical"
"505",505,"Blues"
"506",506,"Blues"
"507",507,"Classical"
"508",508,"Classical"
"509",509,"Blues"
"510",510,"Jazz"
"511",511,"Metal"
"512",512,"Pop"
"513",513,"Blues"
"514",514,"Classical"
"515",515,"Jazz"
"516",516,"Jazz"
"517",517,"Pop"
"518",518,"Blues"
"519",519,"Pop"
"520",520,"Rock"
"521",521,"Metal"
"522",522,"Pop"
"523",523,"Metal"
"524",524,"Metal"
"525",525,"Jazz"
"526",526,"Jazz"
"527",527,"Rock"
"528",528,"Jazz"
"529",529,"Jazz"
"530",530,"Rock"
"531",531,"Classical"
"532",532,"Rock"
"533",533,"Classical"
"534",534,"Jazz"
"535",535,"Jazz"
"536",536,"Rock"
"537",537,"Blues"
"538",538,"Jazz"
"539",539,"Jazz"
"540",540,"Metal"
"541",541,"Blues"
"542",542,"Classical"
"543",543,"Rock"
"544",544,"Classical"
"545",545,"Pop"
"546",546,"Pop"
"547",547,"Classical"
"548",548,"Jazz"
"549",549,"Classical"
"550",550,"Rock"
"551",551,"Jazz"
"552",552,"Jazz"
"553",553,"Jazz"
"554",554,"Pop"
"555",555,"Metal"
"556",556,"Rock"
"557",557,"Jazz"
"558",558,"Blues"
"559",559,"Rock"
"560",560,"Pop"
"561",561,"Classical"
"562",562,"Pop"
"563",563,"Rock"
"564",564,"Classical"
"565",565,"Classical"
"566",566,"Classical"
"567",567,"Metal"
"568",568,"Jazz"
"569",569,"Jazz"
"570",570,"Jazz"
"571",571,"Classical"
"572",572,"Classical"
"573",573,"Rock"
"574",574,"Blues"
"575",575,"Pop"
"576",576,"Pop"
"577",577,"Blues"
"578",578,"Rock"
"579",579,"Rock"
"580",580,"Jazz"
"581",581,"Pop"
"582",582,"Classical"
"583",583,"Classical"
"584",584,"Pop"
"585",585,"Classical"
"586",586,"Jazz"
"587",587,"Rock"
"588",588,"Rock"
"589",589,"Classical"
"590",590,"Classical"
"591",591,"Rock"
"592",592,"Rock"
"593",593,"Blues"
"594",594,"Pop"
"595",595,"Jazz"
"596",596,"Pop"
"597",597,"Pop"
"598",598,"Pop"
"599",599,"Blues"
"600",600,"Jazz"
"601",601,"Blues"
"602",602,"Classical"
"603",603,"Metal"
"604",604,"Rock"
"605",605,"Classical"
"606",606,"Blues"
"607",607,"Pop"
"608",608,"Pop"
"609",609,"Jazz"
"610",610,"Jazz"
"611",611,"Metal"
"612",612,"Rock"
"613",613,"Classical"
"614",614,"Rock"
"615",615,"Pop"
"616",616,"Classical"
"617",617,"Rock"
"618",618,"Classical"
"619",619,"Blues"
"620",620,"Pop"
"621",621,"Jazz"
"622",622,"Jazz"
"623",623,"Blues"
"624",624,"Jazz"
"625",625,"Pop"
"626",626,"Pop"
"627",627,"Rock"
"628",628,"Pop"
"629",629,"Jazz"
"630",630,"Jazz"
"631",631,"Rock"
"632",632,"Pop"
"633",633,"Classical"
"634",634,"Classical"
"635",635,"Jazz"
"636",636,"Classical"
"637",637,"Rock"
"638",638,"Blues"
"639",639,"Rock"
"640",640,"Metal"
"641",641,"Classical"
"642",642,"Classical"
"643",643,"Rock"
"644",644,"Metal"
"645",645,"Blues"
"646",646,"Jazz"
"647",647,"Jazz"
"648",648,"Rock"
"649",649,"Rock"
"650",650,"Classical"
"651",651,"Metal"
"652",652,"Classical"
"653",653,"Jazz"
"654",654,"Rock"
"655",655,"Jazz"
"656",656,"Classical"
"657",657,"Blues"
"658",658,"Blues"
"659",659,"Classical"
"660",660,"Jazz"
"661",661,"Blues"
"662",662,"Blues"
"663",663,"Blues"
"664",664,"Jazz"
"665",665,"Pop"
"666",666,"Jazz"
"667",667,"Rock"
"668",668,"Rock"
"669",669,"Rock"
"670",670,"Rock"
"671",671,"Classical"
"672",672,"Jazz"
"673",673,"Classical"
"674",674,"Jazz"
"675",675,"Jazz"
"676",676,"Classical"
"677",677,"Jazz"
"678",678,"Blues"
"679",679,"Rock"
"680",680,"Metal"
"681",681,"Classical"
"682",682,"Pop"
"683",683,"Classical"
"684",684,"Rock"
"685",685,"Blues"
"686",686,"Classical"
"687",687,"Classical"
"688",688,"Jazz"
"689",689,"Blues"
"690",690,"Blues"
"691",691,"Pop"
"692",692,"Classical"
"693",693,"Rock"
"694",694,"Pop"
"695",695,"Classical"
"696",696,"Jazz"
"697",697,"Rock"
"698",698,"Rock"
"699",699,"Pop"
"700",700,"Classical"
"701",701,"Jazz"
"702",702,"Rock"
"703",703,"Classical"
"704",704,"Jazz"
"705",705,"Jazz"
"706",706,"Jazz"
"707",707,"Classical"
"708",708,"Classical"
"709",709,"Jazz"
"710",710,"Classical"
"711",711,"Rock"
"712",712,"Pop"
"713",713,"Classical"
"714",714,"Pop"
"715",715,"Jazz"
"716",716,"Rock"
"717",717,"Blues"
"718",718,"Pop"
"719",719,"Jazz"
"720",720,"Classical"
"721",721,"Metal"
"722",722,"Jazz"
"723",723,"Jazz"
"724",724,"Blues"
"725",725,"Metal"
"726",726,"Pop"
"727",727,"Pop"
"728",728,"Pop"
"729",729,"Pop"
"730",730,"Jazz"
"731",731,"Blues"
"732",732,"Classical"
"733",733,"Jazz"
"734",734,"Rock"
"735",735,"Blues"
"736",736,"Jazz"
"737",737,"Rock"
"738",738,"Jazz"
"739",739,"Pop"
"740",740,"Classical"
"741",741,"Pop"
"742",742,"Classical"
"743",743,"Pop"
"744",744,"Classical"
"745",745,"Classical"
"746",746,"Jazz"
"747",747,"Classical"
"748",748,"Classical"
"749",749,"Rock"
"750",750,"Blues"
"751",751,"Blues"
"752",752,"Rock"
"753",753,"Classical"
"754",754,"Rock"
"755",755,"Blues"
"756",756,"Jazz"
"757",757,"Jazz"
"758",758,"Classical"
"759",759,"Blues"
"760",760,"Rock"
"761",761,"Classical"
"762",762,"Jazz"
"763",763,"Classical"
"764",764,"Jazz"
"765",765,"Rock"
"766",766,"Rock"
"767",767,"Jazz"
"768",768,"Rock"
"769",769,"Jazz"
"770",770,"Metal"
"771",771,"Jazz"
"772",772,"Classical"
"773",773,"Classical"
"774",774,"Classical"
"775",775,"Classical"
"776",776,"Pop"
"777",777,"Classical"
"778",778,"Classical"
"779",779,"Jazz"
"780",780,"Jazz"
"781",781,"Classical"
"782",782,"Classical"
"783",783,"Classical"
"784",784,"Rock"
"785",785,"Classical"
"786",786,"Blues"
"787",787,"Jazz"
"788",788,"Classical"
"789",789,"Jazz"
"790",790,"Jazz"
"791",791,"Classical"
"792",792,"Jazz"
"793",793,"Metal"
"794",794,"Rock"
"795",795,"Classical"
"796",796,"Jazz"
"797",797,"Pop"
"798",798,"Pop"
"799",799,"Jazz"
"800",800,"Jazz"
"801",801,"Pop"
"802",802,"Pop"
"803",803,"Classical"
"804",804,"Pop"
"805",805,"Rock"
"806",806,"Classical"
"807",807,"Pop"
"808",808,"Rock"
"809",809,"Classical"
"810",810,"Classical"
"811",811,"Blues"
"812",812,"Rock"
"813",813,"Pop"
"814",814,"Jazz"
"815",815,"Metal"
"816",816,"Pop"
"817",817,"Classical"
"818",818,"Jazz"
"819",819,"Blues"
"820",820,"Classical"
"821",821,"Jazz"
"822",822,"Jazz"
"823",823,"Classical"
"824",824,"Pop"
"825",825,"Jazz"
"826",826,"Classical"
"827",827,"Jazz"
"828",828,"Jazz"
"829",829,"Pop"
"830",830,"Classical"
"831",831,"Classical"
"832",832,"Pop"
"833",833,"Jazz"
"834",834,"Metal"
"835",835,"Pop"
"836",836,"Jazz"
"837",837,"Jazz"
"838",838,"Classical"
"839",839,"Jazz"
"840",840,"Classical"
"841",841,"Classical"
"842",842,"Classical"
"843",843,"Classical"
"844",844,"Jazz"
"845",845,"Blues"
"846",846,"Classical"
"847",847,"Blues"
"848",848,"Rock"
"849",849,"Classical"
"850",850,"Classical"
"851",851,"Blues"
"852",852,"Rock"
"853",853,"Pop"
"854",854,"Jazz"
"855",855,"Metal"
"856",856,"Blues"
"857",857,"Jazz"
"858",858,"Jazz"
"859",859,"Jazz"
"860",860,"Jazz"
"861",861,"Metal"
"862",862,"Jazz"
"863",863,"Classical"
"864",864,"Metal"
"865",865,"Classical"
"866",866,"Blues"
"867",867,"Jazz"
"868",868,"Classical"
"869",869,"Pop"
"870",870,"Pop"
"871",871,"Blues"
"872",872,"Classical"
"873",873,"Jazz"
"874",874,"Rock"
"875",875,"Classical"
"876",876,"Blues"
"877",877,"Classical"
"878",878,"Blues"
"879",879,"Blues"
"880",880,"Rock"
"881",881,"Classical"
"882",882,"Jazz"
"883",883,"Blues"
"884",884,"Jazz"
"885",885,"Classical"
"886",886,"Classical"
"887",887,"Classical"
"888",888,"Classical"
"889",889,"Classical"
"890",890,"Metal"
"891",891,"Metal"
"892",892,"Jazz"
"893",893,"Jazz"
"894",894,"Rock"
"895",895,"Classical"
"896",896,"Classical"
"897",897,"Jazz"
"898",898,"Pop"
"899",899,"Metal"
"900",900,"Classical"
"901",901,"Blues"
"902",902,"Jazz"
"903",903,"Jazz"
"904",904,"Jazz"
"905",905,"Jazz"
"906",906,"Rock"
"907",907,"Rock"
"908",908,"Rock"
"909",909,"Classical"
"910",910,"Rock"
"911",911,"Classical"
"912",912,"Classical"
"913",913,"Classical"
"914",914,"Classical"
"915",915,"Classical"
"916",916,"Classical"
"917",917,"Classical"
"918",918,"Metal"
"919",919,"Jazz"
"920",920,"Classical"
"921",921,"Jazz"
"922",922,"Rock"
"923",923,"Pop"
"924",924,"Jazz"
"925",925,"Classical"
"926",926,"Blues"
"927",927,"Classical"
"928",928,"Rock"
"929",929,"Metal"
"930",930,"Classical"
"931",931,"Pop"
"932",932,"Jazz"
"933",933,"Metal"
"934",934,"Jazz"
"935",935,"Classical"
"936",936,"Classical"
"937",937,"Pop"
"938",938,"Blues"
"939",939,"Blues"
"940",940,"Jazz"
"941",941,"Rock"
"942",942,"Jazz"
"943",943,"Metal"
"944",944,"Pop"
"945",945,"Classical"
"946",946,"Jazz"
"947",947,"Blues"
"948",948,"Jazz"
"949",949,"Classical"
"950",950,"Jazz"
"951",951,"Rock"
"952",952,"Jazz"
"953",953,"Jazz"
"954",954,"Rock"
"955",955,"Classical"
"956",956,"Pop"
"957",957,"Jazz"
"958",958,"Jazz"
"959",959,"Pop"
"960",960,"Jazz"
"961",961,"Jazz"
"962",962,"Jazz"
"963",963,"Metal"
"964",964,"Blues"
"965",965,"Metal"
"966",966,"Blues"
"967",967,"Jazz"
"968",968,"Classical"
"969",969,"Rock"
"970",970,"Blues"
"971",971,"Jazz"
"972",972,"Pop"
"973",973,"Jazz"
"974",974,"Metal"
"975",975,"Classical"
"976",976,"Rock"
"977",977,"Jazz"
"978",978,"Classical"
"979",979,"Blues"
"980",980,"Jazz"
"981",981,"Classical"
"982",982,"Jazz"
"983",983,"Classical"
"984",984,"Jazz"
"985",985,"Classical"
"986",986,"Metal"
"987",987,"Pop"
"988",988,"Jazz"
"989",989,"Classical"
"990",990,"Jazz"
"991",991,"Blues"
"992",992,"Classical"
"993",993,"Classical"
"994",994,"Rock"
"995",995,"Rock"
"996",996,"Jazz"
"997",997,"Classical"
"998",998,"Blues"
"999",999,"Classical"
"1000",1000,"Jazz"
"1001",1001,"Classical"
"1002",1002,"Blues"
"1003",1003,"Classical"
"1004",1004,"Rock"
"1005",1005,"Blues"
"1006",1006,"Jazz"
"1007",1007,"Metal"
"1008",1008,"Classical"
"1009",1009,"Classical"
"1010",1010,"Classical"
"1011",1011,"Pop"
"1012",1012,"Pop"
"1013",1013,"Blues"
"1014",1014,"Jazz"
"1015",1015,"Classical"
"1016",1016,"Blues"
"1017",1017,"Jazz"
"1018",1018,"Rock"
"1019",1019,"Blues"
"1020",1020,"Rock"
"1021",1021,"Metal"
"1022",1022,"Classical"
"1023",1023,"Blues"
"1024",1024,"Blues"
"1025",1025,"Jazz"
"1026",1026,"Jazz"
"1027",1027,"Jazz"
"1028",1028,"Jazz"
"1029",1029,"Jazz"
"1030",1030,"Pop"
"1031",1031,"Pop"
"1032",1032,"Pop"
"1033",1033,"Jazz"
"1034",1034,"Jazz"
"1035",1035,"Rock"
"1036",1036,"Blues"
"1037",1037,"Classical"
"1038",1038,"Blues"
"1039",1039,"Jazz"
"1040",1040,"Classical"
"1041",1041,"Rock"
"1042",1042,"Metal"
"1043",1043,"Classical"
"1044",1044,"Pop"
"1045",1045,"Classical"
"1046",1046,"Classical"
"1047",1047,"Classical"
"1048",1048,"Pop"
"1049",1049,"Jazz"
"1050",1050,"Pop"
"1051",1051,"Metal"
"1052",1052,"Rock"
"1053",1053,"Rock"
"1054",1054,"Classical"
"1055",1055,"Blues"
"1056",1056,"Jazz"
"1057",1057,"Blues"
"1058",1058,"Rock"
"1059",1059,"Jazz"
"1060",1060,"Blues"
"1061",1061,"Jazz"
"1062",1062,"Classical"
"1063",1063,"Rock"
"1064",1064,"Classical"
"1065",1065,"Classical"
"1066",1066,"Blues"
"1067",1067,"Classical"
"1068",1068,"Rock"
"1069",1069,"Pop"
"1070",1070,"Classical"
"1071",1071,"Rock"
"1072",1072,"Classical"
"1073",1073,"Classical"
"1074",1074,"Pop"
"1075",1075,"Metal"
"1076",1076,"Pop"
"1077",1077,"Blues"
"1078",1078,"Blues"
"1079",1079,"Classical"
"1080",1080,"Pop"
"1081",1081,"Rock"
"1082",1082,"Pop"
"1083",1083,"Pop"
"1084",1084,"Jazz"
"1085",1085,"Classical"
"1086",1086,"Classical"
"1087",1087,"Pop"
"1088",1088,"Metal"
"1089",1089,"Jazz"
"1090",1090,"Rock"
"1091",1091,"Classical"
"1092",1092,"Jazz"
"1093",1093,"Classical"
"1094",1094,"Metal"
"1095",1095,"Classical"
"1096",1096,"Jazz"
"1097",1097,"Blues"
"1098",1098,"Jazz"
"1099",1099,"Rock"
"1100",1100,"Classical"
"1101",1101,"Rock"
"1102",1102,"Jazz"
"1103",1103,"Metal"
"1104",1104,"Rock"
"1105",1105,"Pop"
"1106",1106,"Blues"
"1107",1107,"Blues"
"1108",1108,"Classical"
"1109",1109,"Blues"
"1110",1110,"Blues"
"1111",1111,"Pop"
"1112",1112,"Metal"
"1113",1113,"Rock"
"1114",1114,"Blues"
"1115",1115,"Classical"
"1116",1116,"Blues"
"1117",1117,"Blues"
"1118",1118,"Blues"
"1119",1119,"Jazz"
"1120",1120,"Classical"
"1121",1121,"Pop"
"1122",1122,"Classical"
"1123",1123,"Classical"
"1124",1124,"Pop"
"1125",1125,"Blues"
"1126",1126,"Jazz"
"1127",1127,"Jazz"
"1128",1128,"Classical"
"1129",1129,"Pop"
"1130",1130,"Classical"
"1131",1131,"Rock"
"1132",1132,"Classical"
"1133",1133,"Blues"
"1134",1134,"Rock"
"1135",1135,"Classical"
"1136",1136,"Classical"
"1137",1137,"Classical"
"1138",1138,"Jazz"
"1139",1139,"Pop"
"1140",1140,"Jazz"
"1141",1141,"Blues"
"1142",1142,"Rock"
"1143",1143,"Jazz"
"1144",1144,"Classical"
"1145",1145,"Jazz"
"1146",1146,"Rock"
"1147",1147,"Jazz"
"1148",1148,"Metal"
"1149",1149,"Rock"
"1150",1150,"Jazz"
"1151",1151,"Classical"
"1152",1152,"Blues"
"1153",1153,"Rock"
"1154",1154,"Rock"
"1155",1155,"Pop"
"1156",1156,"Rock"
"1157",1157,"Metal"
"1158",1158,"Jazz"
"1159",1159,"Rock"
"1160",1160,"Metal"
"1161",1161,"Rock"
"1162",1162,"Classical"
"1163",1163,"Classical"
"1164",1164,"Metal"
"1165",1165,"Jazz"
"1166",1166,"Rock"
"1167",1167,"Jazz"
"1168",1168,"Jazz"
"1169",1169,"Classical"
"1170",1170,"Classical"
"1171",1171,"Rock"
"1172",1172,"Classical"
"1173",1173,"Pop"
"1174",1174,"Classical"
"1175",1175,"Classical"
"1176",1176,"Classical"
"1177",1177,"Rock"
"1178",1178,"Jazz"
"1179",1179,"Classical"
"1180",1180,"Blues"
"1181",1181,"Classical"
"1182",1182,"Jazz"
"1183",1183,"Classical"
"1184",1184,"Classical"
"1185",1185,"Classical"
"1186",1186,"Pop"
"1187",1187,"Rock"
"1188",1188,"Classical"
"1189",1189,"Jazz"
"1190",1190,"Jazz"
"1191",1191,"Classical"
"1192",1192,"Pop"
"1193",1193,"Pop"
"1194",1194,"Jazz"
"1195",1195,"Jazz"
"1196",1196,"Jazz"
"1197",1197,"Jazz"
"1198",1198,"Classical"
"1199",1199,"Metal"
"1200",1200,"Jazz"
"1201",1201,"Blues"
"1202",1202,"Blues"
"1203",1203,"Rock"
"1204",1204,"Classical"
"1205",1205,"Metal"
"1206",1206,"Jazz"
"1207",1207,"Pop"
"1208",1208,"Classical"
"1209",1209,"Blues"
"1210",1210,"Jazz"
"1211",1211,"Rock"
"1212",1212,"Classical"
"1213",1213,"Rock"
"1214",1214,"Pop"
"1215",1215,"Rock"
"1216",1216,"Rock"
"1217",1217,"Jazz"
"1218",1218,"Jazz"
"1219",1219,"Rock"
"1220",1220,"Metal"
"1221",1221,"Classical"
"1222",1222,"Classical"
"1223",1223,"Metal"
"1224",1224,"Pop"
"1225",1225,"Classical"
"1226",1226,"Metal"
"1227",1227,"Classical"
"1228",1228,"Jazz"
"1229",1229,"Classical"
"1230",1230,"Rock"
"1231",1231,"Metal"
"1232",1232,"Jazz"
"1233",1233,"Pop"
"1234",1234,"Rock"
"1235",1235,"Jazz"
"1236",1236,"Blues"
"1237",1237,"Classical"
"1238",1238,"Blues"
"1239",1239,"Rock"
"1240",1240,"Jazz"
"1241",1241,"Jazz"
"1242",1242,"Classical"
"1243",1243,"Blues"
"1244",1244,"Classical"
"1245",1245,"Jazz"
"1246",1246,"Jazz"
"1247",1247,"Classical"
"1248",1248,"Metal"
"1249",1249,"Classical"
"1250",1250,"Pop"
"1251",1251,"Jazz"
"1252",1252,"Classical"
"1253",1253,"Classical"
"1254",1254,"Pop"
"1255",1255,"Rock"
"1256",1256,"Classical"
"1257",1257,"Classical"
"1258",1258,"Pop"
"1259",1259,"Metal"
"1260",1260,"Rock"
"1261",1261,"Classical"
"1262",1262,"Jazz"
"1263",1263,"Classical"
"1264",1264,"Metal"
"1265",1265,"Classical"
"1266",1266,"Jazz"
"1267",1267,"Classical"
"1268",1268,"Jazz"
"1269",1269,"Pop"
"1270",1270,"Classical"
"1271",1271,"Classical"
"1272",1272,"Pop"
"1273",1273,"Rock"
"1274",1274,"Blues"
"1275",1275,"Blues"
"1276",1276,"Rock"
"1277",1277,"Jazz"
"1278",1278,"Rock"
"1279",1279,"Blues"
"1280",1280,"Rock"
"1281",1281,"Pop"
"1282",1282,"Classical"
"1283",1283,"Pop"
"1284",1284,"Pop"
"1285",1285,"Metal"
"1286",1286,"Blues"
"1287",1287,"Blues"
"1288",1288,"Blues"
"1289",1289,"Pop"
"1290",1290,"Classical"
"1291",1291,"Jazz"
"1292",1292,"Metal"
"1293",1293,"Blues"
"1294",1294,"Blues"
"1295",1295,"Pop"
"1296",1296,"Jazz"
"1297",1297,"Pop"
"1298",1298,"Classical"
"1299",1299,"Jazz"
"1300",1300,"Classical"
"1301",1301,"Pop"
"1302",1302,"Blues"
"1303",1303,"Metal"
"1304",1304,"Pop"
"1305",1305,"Jazz"
"1306",1306,"Classical"
"1307",1307,"Blues"
"1308",1308,"Blues"
"1309",1309,"Pop"
"1310",1310,"Jazz"
"1311",1311,"Pop"
"1312",1312,"Classical"
"1313",1313,"Classical"
"1314",1314,"Jazz"
"1315",1315,"Rock"
"1316",1316,"Blues"
"1317",1317,"Rock"
"1318",1318,"Classical"
"1319",1319,"Blues"
"1320",1320,"Pop"
"1321",1321,"Blues"
"1322",1322,"Classical"
"1323",1323,"Classical"
"1324",1324,"Jazz"
"1325",1325,"Pop"
"1326",1326,"Classical"
"1327",1327,"Pop"
"1328",1328,"Blues"
"1329",1329,"Classical"
"1330",1330,"Classical"
"1331",1331,"Metal"
"1332",1332,"Rock"
"1333",1333,"Classical"
"1334",1334,"Classical"
"1335",1335,"Jazz"
"1336",1336,"Blues"
"1337",1337,"Jazz"
"1338",1338,"Metal"
"1339",1339,"Jazz"
"1340",1340,"Pop"
"1341",1341,"Blues"
"1342",1342,"Classical"
"1343",1343,"Rock"
"1344",1344,"Classical"
"1345",1345,"Classical"
"1346",1346,"Classical"
"1347",1347,"Pop"
"1348",1348,"Rock"
"1349",1349,"Pop"
"1350",1350,"Classical"
"1351",1351,"Rock"
"1352",1352,"Jazz"
"1353",1353,"Jazz"
"1354",1354,"Classical"
"1355",1355,"Rock"
"1356",1356,"Classical"
"1357",1357,"Classical"
"1358",1358,"Jazz"
"1359",1359,"Classical"
"1360",1360,"Metal"
"1361",1361,"Jazz"
"1362",1362,"Rock"
"1363",1363,"Jazz"
"1364",1364,"Classical"
"1365",1365,"Classical"
"1366",1366,"Jazz"
"1367",1367,"Blues"
"1368",1368,"Pop"
"1369",1369,"Classical"
"1370",1370,"Classical"
"1371",1371,"Pop"
"1372",1372,"Classical"
"1373",1373,"Rock"
"1374",1374,"Rock"
"1375",1375,"Classical"
"1376",1376,"Classical"
"1377",1377,"Jazz"
"1378",1378,"Pop"
"1379",1379,"Rock"
"1380",1380,"Classical"
"1381",1381,"Rock"
"1382",1382,"Classical"
"1383",1383,"Blues"
"1384",1384,"Blues"
"1385",1385,"Blues"
"1386",1386,"Jazz"
"1387",1387,"Rock"
"1388",1388,"Classical"
"1389",1389,"Pop"
"1390",1390,"Classical"
"1391",1391,"Classical"
"1392",1392,"Jazz"
"1393",1393,"Jazz"
"1394",1394,"Classical"
"1395",1395,"Classical"
"1396",1396,"Metal"
"1397",1397,"Classical"
"1398",1398,"Jazz"
"1399",1399,"Jazz"
"1400",1400,"Jazz"
"1401",1401,"Blues"
"1402",1402,"Pop"
"1403",1403,"Classical"
"1404",1404,"Jazz"
"1405",1405,"Blues"
"1406",1406,"Classical"
"1407",1407,"Blues"
"1408",1408,"Blues"
"1409",1409,"Jazz"
"1410",1410,"Classical"
"1411",1411,"Classical"
"1412",1412,"Classical"
"1413",1413,"Jazz"
"1414",1414,"Jazz"
"1415",1415,"Pop"
"1416",1416,"Rock"
"1417",1417,"Rock"
"1418",1418,"Rock"
"1419",1419,"Metal"
"1420",1420,"Blues"
"1421",1421,"Classical"
"1422",1422,"Rock"
"1423",1423,"Classical"
"1424",1424,"Rock"
"1425",1425,"Pop"
"1426",1426,"Jazz"
"1427",1427,"Pop"
"1428",1428,"Jazz"
"1429",1429,"Classical"
"1430",1430,"Metal"
"1431",1431,"Blues"
"1432",1432,"Rock"
"1433",1433,"Classical"
"1434",1434,"Classical"
"1435",1435,"Classical"
"1436",1436,"Classical"
"1437",1437,"Blues"
"1438",1438,"Metal"
"1439",1439,"Rock"
"1440",1440,"Classical"
"1441",1441,"Classical"
"1442",1442,"Classical"
"1443",1443,"Jazz"
"1444",1444,"Classical"
"1445",1445,"Pop"
"1446",1446,"Jazz"
"1447",1447,"Classical"
"1448",1448,"Classical"
"1449",1449,"Metal"
"1450",1450,"Pop"
"1451",1451,"Classical"
"1452",1452,"Jazz"
"1453",1453,"Pop"
"1454",1454,"Classical"
"1455",1455,"Pop"
"1456",1456,"Rock"
"1457",1457,"Classical"
"1458",1458,"Classical"
"1459",1459,"Blues"
"1460",1460,"Jazz"
"1461",1461,"Classical"
"1462",1462,"Jazz"
"1463",1463,"Classical"
"1464",1464,"Jazz"
"1465",1465,"Classical"
"1466",1466,"Metal"
"1467",1467,"Metal"
"1468",1468,"Jazz"
"1469",1469,"Jazz"
"1470",1470,"Rock"
"1471",1471,"Classical"
"1472",1472,"Jazz"
"1473",1473,"Jazz"
"1474",1474,"Classical"
"1475",1475,"Jazz"
"1476",1476,"Pop"
"1477",1477,"Jazz"
"1478",1478,"Pop"
"1479",1479,"Blues"
"1480",1480,"Classical"
"1481",1481,"Blues"
"1482",1482,"Classical"
"1483",1483,"Classical"
"1484",1484,"Blues"
"1485",1485,"Blues"
"1486",1486,"Jazz"
"1487",1487,"Rock"
"1488",1488,"Metal"
"1489",1489,"Classical"
"1490",1490,"Jazz"
"1491",1491,"Jazz"
"1492",1492,"Rock"
"1493",1493,"Rock"
"1494",1494,"Rock"
"1495",1495,"Metal"
"1496",1496,"Blues"
"1497",1497,"Pop"
"1498",1498,"Classical"
"1499",1499,"Jazz"
"1500",1500,"Jazz"
"1501",1501,"Jazz"
"1502",1502,"Classical"
"1503",1503,"Classical"
"1504",1504,"Blues"
"1505",1505,"Pop"
"1506",1506,"Metal"
"1507",1507,"Rock"
"1508",1508,"Classical"
"1509",1509,"Metal"
"1510",1510,"Rock"
"1511",1511,"Pop"
"1512",1512,"Rock"
"1513",1513,"Classical"
"1514",1514,"Classical"
"1515",1515,"Pop"
"1516",1516,"Pop"
"1517",1517,"Jazz"
"1518",1518,"Classical"
"1519",1519,"Rock"
"1520",1520,"Classical"
"1521",1521,"Rock"
"1522",1522,"Metal"
"1523",1523,"Metal"
"1524",1524,"Classical"
"1525",1525,"Jazz"
"1526",1526,"Classical"
"1527",1527,"Jazz"
"1528",1528,"Classical"
"1529",1529,"Pop"
"1530",1530,"Blues"
"1531",1531,"Blues"
"1532",1532,"Classical"
"1533",1533,"Blues"
"1534",1534,"Blues"
"1535",1535,"Pop"
"1536",1536,"Rock"
"1537",1537,"Blues"
"1538",1538,"Jazz"
"1539",1539,"Jazz"
"1540",1540,"Pop"
"1541",1541,"Blues"
"1542",1542,"Classical"
"1543",1543,"Jazz"
"1544",1544,"Rock"
"1545",1545,"Classical"
"1546",1546,"Classical"
"1547",1547,"Jazz"
"1548",1548,"Pop"
"1549",1549,"Metal"
"1550",1550,"Blues"
"1551",1551,"Jazz"
"1552",1552,"Jazz"
"1553",1553,"Rock"
"1554",1554,"Rock"
"1555",1555,"Classical"
"1556",1556,"Metal"
"1557",1557,"Jazz"
"1558",1558,"Classical"
"1559",1559,"Pop"
"1560",1560,"Classical"
"1561",1561,"Metal"
"1562",1562,"Classical"
"1563",1563,"Classical"
"1564",1564,"Pop"
"1565",1565,"Metal"
"1566",1566,"Jazz"
"1567",1567,"Jazz"
"1568",1568,"Metal"
"1569",1569,"Classical"
"1570",1570,"Jazz"
"1571",1571,"Jazz"
"1572",1572,"Jazz"
"1573",1573,"Jazz"
"1574",1574,"Rock"
"1575",1575,"Blues"
"1576",1576,"Classical"
"1577",1577,"Jazz"
"1578",1578,"Classical"
"1579",1579,"Jazz"
"1580",1580,"Blues"
"1581",1581,"Blues"
"1582",1582,"Classical"
"1583",1583,"Rock"
"1584",1584,"Classical"
"1585",1585,"Blues"
"1586",1586,"Pop"
"1587",1587,"Classical"
"1588",1588,"Blues"
"1589",1589,"Rock"
"1590",1590,"Pop"
"1591",1591,"Classical"
"1592",1592,"Jazz"
"1593",1593,"Jazz"
"1594",1594,"Classical"
"1595",1595,"Classical"
"1596",1596,"Pop"
"1597",1597,"Classical"
"1598",1598,"Rock"
"1599",1599,"Classical"
"1600",1600,"Pop"
"1601",1601,"Classical"
"1602",1602,"Blues"
"1603",1603,"Metal"
"1604",1604,"Jazz"
"1605",1605,"Blues"
"1606",1606,"Classical"
"1607",1607,"Classical"
"1608",1608,"Classical"
"1609",1609,"Classical"
"1610",1610,"Classical"
"1611",1611,"Jazz"
"1612",1612,"Pop"
"1613",1613,"Jazz"
"1614",1614,"Pop"
"1615",1615,"Pop"
"1616",1616,"Metal"
"1617",1617,"Jazz"
"1618",1618,"Rock"
"1619",1619,"Classical"
"1620",1620,"Classical"
"1621",1621,"Jazz"
"1622",1622,"Jazz"
"1623",1623,"Jazz"
"1624",1624,"Classical"
"1625",1625,"Jazz"
"1626",1626,"Classical"
"1627",1627,"Metal"
"1628",1628,"Blues"
"1629",1629,"Rock"
"1630",1630,"Blues"
"1631",1631,"Rock"
"1632",1632,"Jazz"
"1633",1633,"Classical"
"1634",1634,"Classical"
"1635",1635,"Classical"
"1636",1636,"Jazz"
"1637",1637,"Jazz"
"1638",1638,"Classical"
"1639",1639,"Jazz"
"1640",1640,"Classical"
"1641",1641,"Jazz"
"1642",1642,"Pop"
"1643",1643,"Classical"
"1644",1644,"Jazz"
"1645",1645,"Jazz"
"1646",1646,"Blues"
"1647",1647,"Classical"
"1648",1648,"Pop"
"1649",1649,"Pop"
"1650",1650,"Classical"
"1651",1651,"Metal"
"1652",1652,"Rock"
"1653",1653,"Pop"
"1654",1654,"Jazz"
"1655",1655,"Rock"
"1656",1656,"Classical"
"1657",1657,"Jazz"
"1658",1658,"Blues"
"1659",1659,"Classical"
"1660",1660,"Blues"
"1661",1661,"Blues"
"1662",1662,"Jazz"
"1663",1663,"Rock"
"1664",1664,"Classical"
"1665",1665,"Classical"
"1666",1666,"Pop"
"1667",1667,"Classical"
"1668",1668,"Classical"
"1669",1669,"Metal"
"1670",1670,"Blues"
"1671",1671,"Classical"
"1672",1672,"Jazz"
"1673",1673,"Jazz"
"1674",1674,"Pop"
"1675",1675,"Jazz"
"1676",1676,"Rock"
"1677",1677,"Classical"
"1678",1678,"Jazz"
"1679",1679,"Rock"
"1680",1680,"Classical"
"1681",1681,"Pop"
"1682",1682,"Rock"
"1683",1683,"Jazz"
"1684",1684,"Blues"
"1685",1685,"Jazz"
"1686",1686,"Pop"
"1687",1687,"Blues"
"1688",1688,"Jazz"
"1689",1689,"Jazz"
"1690",1690,"Metal"
"1691",1691,"Classical"
"1692",1692,"Classical"
"1693",1693,"Jazz"
"1694",1694,"Rock"
"1695",1695,"Classical"
"1696",1696,"Jazz"
"1697",1697,"Pop"
"1698",1698,"Blues"
"1699",1699,"Classical"
"1700",1700,"Pop"
"1701",1701,"Blues"
"1702",1702,"Classical"
"1703",1703,"Classical"
"1704",1704,"Blues"
"1705",1705,"Classical"
"1706",1706,"Blues"
"1707",1707,"Classical"
"1708",1708,"Pop"
"1709",1709,"Jazz"
"1710",1710,"Jazz"
"1711",1711,"Classical"
"1712",1712,"Pop"
"1713",1713,"Jazz"
"1714",1714,"Rock"
"1715",1715,"Classical"
"1716",1716,"Metal"
"1717",1717,"Jazz"
"1718",1718,"Jazz"
"1719",1719,"Blues"
"1720",1720,"Pop"
"1721",1721,"Pop"
"1722",1722,"Rock"
"1723",1723,"Blues"
"1724",1724,"Metal"
"1725",1725,"Classical"
"1726",1726,"Pop"
"1727",1727,"Classical"
"1728",1728,"Jazz"
"1729",1729,"Classical"
"1730",1730,"Classical"
"1731",1731,"Pop"
"1732",1732,"Jazz"
"1733",1733,"Rock"
"1734",1734,"Pop"
"1735",1735,"Blues"
"1736",1736,"Jazz"
"1737",1737,"Jazz"
"1738",1738,"Jazz"
"1739",1739,"Rock"
"1740",1740,"Pop"
"1741",1741,"Blues"
"1742",1742,"Pop"
"1743",1743,"Rock"
"1744",1744,"Jazz"
"1745",1745,"Classical"
"1746",1746,"Classical"
"1747",1747,"Jazz"
"1748",1748,"Pop"
"1749",1749,"Classical"
"1750",1750,"Jazz"
"1751",1751,"Rock"
"1752",1752,"Classical"
"1753",1753,"Classical"
"1754",1754,"Classical"
"1755",1755,"Blues"
"1756",1756,"Blues"
"1757",1757,"Classical"
"1758",1758,"Rock"
"1759",1759,"Pop"
"1760",1760,"Classical"
"1761",1761,"Classical"
"1762",1762,"Classical"
"1763",1763,"Classical"
"1764",1764,"Classical"
"1765",1765,"Blues"
"1766",1766,"Classical"
"1767",1767,"Blues"
"1768",1768,"Classical"
"1769",1769,"Rock"
"1770",1770,"Blues"
"1771",1771,"Classical"
"1772",1772,"Classical"
"1773",1773,"Blues"
"1774",1774,"Pop"
"1775",1775,"Rock"
"1776",1776,"Rock"
"1777",1777,"Rock"
"1778",1778,"Pop"
"1779",1779,"Blues"
"1780",1780,"Blues"
"1781",1781,"Metal"
"1782",1782,"Classical"
"1783",1783,"Classical"
"1784",1784,"Blues"
"1785",1785,"Jazz"
"1786",1786,"Pop"
"1787",1787,"Blues"
"1788",1788,"Rock"
"1789",1789,"Metal"
"1790",1790,"Rock"
"1791",1791,"Rock"
"1792",1792,"Pop"
"1793",1793,"Pop"
"1794",1794,"Rock"
"1795",1795,"Rock"
"1796",1796,"Classical"
"1797",1797,"Classical"
"1798",1798,"Metal"
"1799",1799,"Jazz"
"1800",1800,"Jazz"
"1801",1801,"Classical"
"1802",1802,"Classical"
"1803",1803,"Rock"
"1804",1804,"Classical"
"1805",1805,"Blues"
"1806",1806,"Classical"
"1807",1807,"Jazz"
"1808",1808,"Jazz"
"1809",1809,"Jazz"
"1810",1810,"Jazz"
"1811",1811,"Classical"
"1812",1812,"Metal"
"1813",1813,"Blues"
"1814",1814,"Jazz"
"1815",1815,"Pop"
"1816",1816,"Jazz"
"1817",1817,"Jazz"
"1818",1818,"Classical"
"1819",1819,"Pop"
"1820",1820,"Classical"
"1821",1821,"Rock"
"1822",1822,"Classical"
"1823",1823,"Classical"
"1824",1824,"Blues"
"1825",1825,"Rock"
"1826",1826,"Classical"
"1827",1827,"Pop"
"1828",1828,"Jazz"
"1829",1829,"Jazz"
"1830",1830,"Jazz"
"1831",1831,"Rock"
"1832",1832,"Classical"
"1833",1833,"Pop"
"1834",1834,"Rock"
"1835",1835,"Pop"
"1836",1836,"Metal"
"1837",1837,"Rock"
"1838",1838,"Classical"
"1839",1839,"Pop"
"1840",1840,"Blues"
"1841",1841,"Classical"
"1842",1842,"Blues"
"1843",1843,"Jazz"
"1844",1844,"Pop"
"1845",1845,"Classical"
"1846",1846,"Jazz"
"1847",1847,"Blues"
"1848",1848,"Rock"
"1849",1849,"Blues"
"1850",1850,"Rock"
"1851",1851,"Jazz"
"1852",1852,"Rock"
"1853",1853,"Jazz"
"1854",1854,"Classical"
"1855",1855,"Classical"
"1856",1856,"Blues"
"1857",1857,"Classical"
"1858",1858,"Metal"
"1859",1859,"Blues"
"1860",1860,"Jazz"
"1861",1861,"Classical"
"1862",1862,"Classical"
"1863",1863,"Classical"
"1864",1864,"Classical"
"1865",1865,"Classical"
"1866",1866,"Rock"
"1867",1867,"Classical"
"1868",1868,"Jazz"
"1869",1869,"Classical"
"1870",1870,"Blues"
"1871",1871,"Classical"
"1872",1872,"Jazz"
"1873",1873,"Rock"
"1874",1874,"Blues"
"1875",1875,"Jazz"
"1876",1876,"Blues"
"1877",1877,"Rock"
"1878",1878,"Metal"
"1879",1879,"Jazz"
"1880",1880,"Pop"
"1881",1881,"Classical"
"1882",1882,"Classical"
"1883",1883,"Rock"
"1884",1884,"Jazz"
"1885",1885,"Rock"
"1886",1886,"Jazz"
"1887",1887,"Rock"
"1888",1888,"Blues"
"1889",1889,"Classical"
"1890",1890,"Rock"
"1891",1891,"Jazz"
"1892",1892,"Blues"
"1893",1893,"Rock"
"1894",1894,"Classical"
"1895",1895,"Blues"
"1896",1896,"Jazz"
"1897",1897,"Jazz"
"1898",1898,"Pop"
"1899",1899,"Jazz"
"1900",1900,"Classical"
"1901",1901,"Jazz"
"1902",1902,"Rock"
"1903",1903,"Blues"
"1904",1904,"Jazz"
"1905",1905,"Jazz"
"1906",1906,"Blues"
"1907",1907,"Blues"
"1908",1908,"Rock"
"1909",1909,"Classical"
"1910",1910,"Classical"
"1911",1911,"Classical"
"1912",1912,"Classical"
"1913",1913,"Classical"
"1914",1914,"Blues"
"1915",1915,"Classical"
"1916",1916,"Blues"
"1917",1917,"Blues"
"1918",1918,"Classical"
"1919",1919,"Rock"
"1920",1920,"Pop"
"1921",1921,"Pop"
"1922",1922,"Metal"
"1923",1923,"Classical"
"1924",1924,"Metal"
"1925",1925,"Pop"
"1926",1926,"Jazz"
"1927",1927,"Classical"
"1928",1928,"Classical"
"1929",1929,"Classical"
"1930",1930,"Blues"
"1931",1931,"Classical"
"1932",1932,"Rock"
"1933",1933,"Pop"
"1934",1934,"Classical"
"1935",1935,"Classical"
"1936",1936,"Classical"
"1937",1937,"Pop"
"1938",1938,"Jazz"
"1939",1939,"Classical"
"1940",1940,"Metal"
"1941",1941,"Classical"
"1942",1942,"Classical"
"1943",1943,"Classical"
"1944",1944,"Jazz"
"1945",1945,"Classical"
"1946",1946,"Jazz"
"1947",1947,"Rock"
"1948",1948,"Blues"
"1949",1949,"Pop"
"1950",1950,"Jazz"
"1951",1951,"Rock"
"1952",1952,"Classical"
"1953",1953,"Blues"
"1954",1954,"Classical"
"1955",1955,"Jazz"
"1956",1956,"Classical"
"1957",1957,"Classical"
"1958",1958,"Jazz"
"1959",1959,"Rock"
"1960",1960,"Blues"
"1961",1961,"Metal"
"1962",1962,"Pop"
"1963",1963,"Rock"
"1964",1964,"Classical"
"1965",1965,"Jazz"
"1966",1966,"Classical"
"1967",1967,"Classical"
"1968",1968,"Pop"
"1969",1969,"Classical"
"1970",1970,"Rock"
"1971",1971,"Pop"
"1972",1972,"Classical"
"1973",1973,"Classical"
"1974",1974,"Pop"
"1975",1975,"Blues"
"1976",1976,"Jazz"
"1977",1977,"Blues"
"1978",1978,"Pop"
"1979",1979,"Pop"
"1980",1980,"Rock"
"1981",1981,"Metal"
"1982",1982,"Classical"
"1983",1983,"Rock"
"1984",1984,"Jazz"
"1985",1985,"Jazz"
"1986",1986,"Metal"
"1987",1987,"Pop"
"1988",1988,"Rock"
"1989",1989,"Jazz"
"1990",1990,"Blues"
"1991",1991,"Classical"
"1992",1992,"Blues"
"1993",1993,"Rock"
"1994",1994,"Classical"
"1995",1995,"Jazz"
"1996",1996,"Classical"
"1997",1997,"Pop"
"1998",1998,"Rock"
"1999",1999,"Rock"
"2000",2000,"Blues"
